,Unnamed: 0,Source Port,Destination Port,Protocol,Flow Duration,Total Fwd Packets,Total Backward Packets,Total Length of Fwd Packets,Total Length of Bwd Packets,Fwd Packet Length Max,Fwd Packet Length Min,Fwd Packet Length Mean,Fwd Packet Length Std,Bwd Packet Length Max,Bwd Packet Length Min,Bwd Packet Length Mean,Bwd Packet Length Std,Flow Bytes/s,Flow Packets/s,Flow IAT Mean,Flow IAT Std,Flow IAT Max,Flow IAT Min,Fwd IAT Total,Fwd IAT Mean,Fwd IAT Std,Fwd IAT Max,Fwd IAT Min,Bwd IAT Total,Bwd IAT Mean,Bwd IAT Std,Bwd IAT Max,Bwd IAT Min,Fwd PSH Flags,Bwd PSH Flags,Fwd URG Flags,Bwd URG Flags,Fwd Header Length,Bwd Header Length,Fwd Packets/s,Bwd Packets/s,Min Packet Length,Max Packet Length,Packet Length Mean,Packet Length Std,Packet Length Variance,FIN Flag Count,SYN Flag Count,RST Flag Count,PSH Flag Count,ACK Flag Count,URG Flag Count,CWE Flag Count,ECE Flag Count,Down/Up Ratio,Average Packet Size,Avg Fwd Segment Size,Avg Bwd Segment Size,Fwd Header Length.1,Fwd Avg Bytes/Bulk,Fwd Avg Packets/Bulk,Fwd Avg Bulk Rate,Bwd Avg Bytes/Bulk,Bwd Avg Packets/Bulk,Bwd Avg Bulk Rate,Subflow Fwd Packets,Subflow Fwd Bytes,Subflow Bwd Packets,Subflow Bwd Bytes,Init_Win_bytes_forward,Init_Win_bytes_backward,act_data_pkt_fwd,min_seg_size_forward,Active Mean,Active Std,Active Max,Active Min,Idle Mean,Idle Std,Idle Max,Idle Min,Inbound
Unnamed: 0,1.0,0.2339968649307877,0.040280013364065455,-0.33868235191791735,0.34705615686434693,-0.04413245250827366,-0.014205809218860162,-0.2076912664982866,-0.00833969252282165,-0.37752435977855064,-0.356628273839935,-0.370293762112276,-0.06645524750474813,-0.03861652546377045,-0.018425686478103526,-0.04895104546631923,-0.051744724800985395,-0.25259745806702916,0.035439910326018426,0.33797894446823046,0.30448498591724776,0.2815497004467641,-0.006872449821420692,0.3477717960629247,0.3308375781809344,0.28835402098103846,0.2831849050790511,-0.006620513086828609,0.04290641729335183,0.11518301234289478,0.10819579717887542,0.08721998528759693,0.032798797408832674,-0.05479793296911463,,,,0.039977263693702976,0.00497760577519406,0.019762447658645498,4.600929200718364e-05,-0.3565148296763493,-0.3351904301153635,-0.3735213869103432,-0.061328581520216155,-0.01575543401942442,,-0.009923365051099326,-0.05479793296911463,,0.4378795245425862,-0.10969584532798027,-0.07781275717820585,,-0.041443533840457035,-0.3525216487065912,-0.370293762112276,-0.048951045466319246,0.039977263693702976,,,,,,,-0.04413245250827366,-0.2076912664982866,-0.014205809218860162,-0.00833969252282165,0.07952457473241634,-0.03432619179930083,-0.18862998342276383,0.055796921673261377,0.003539833499678873,0.027231563783107714,0.0217247984127417,-0.0037013784741872246,0.23659863161585123,0.31580737447806645,0.2917250345603946,0.16580257609665347,0.10039040240637663
Source Port,0.2339968649307877,1.0,-0.12495116710271134,-0.29120116017127645,0.11389954888972967,-0.06042461874060892,0.05849779038727192,-0.27565538965203673,0.015369433591022897,-0.5049557585580746,-0.5200594919993758,-0.5288508753539872,0.12300249914744328,0.09460022610482419,0.19752176174985064,0.14638401920873448,0.11282331165914745,-0.3826555397519342,-0.07595648482784875,0.10230377032865297,0.11942324636043158,0.12356045415740699,-0.011635153364615363,0.11240872564993551,0.10839072183105825,0.12067763184734297,0.12079253939093192,-0.01224946940152313,0.09125695895351811,0.05555696266387681,0.06198354793531745,0.07644954840910974,0.08728858153770096,0.1001906973852517,,,,0.05392109343743375,-0.02872316049464719,-0.08390795157081539,-0.0022603008683228475,-0.5200095896415268,-0.39031115727980176,-0.5239412892829802,0.13313507450977347,0.03016022130845832,,0.009096077315710145,0.1001906973852517,,0.291719872190317,0.07802197767826473,-0.004472946218881761,,0.17008585289051156,-0.506895378985008,-0.5288508753539872,0.1463840192087345,0.05392109343743375,,,,,,,-0.06042461874060892,-0.27565538965203673,0.05849779038727192,0.015369433591022897,0.20486676800291245,0.0695917483957754,-0.24165584846535723,0.06910564338072704,0.028484372092782918,0.016585721435743123,0.025747893356428526,0.025647803478964542,0.11912436446804797,0.0760985298077,0.11623056370130687,0.11370013486581675,-0.281560770599053
Destination Port,0.040280013364065455,-0.12495116710271134,1.0,0.09901010269234091,-0.03378860817486596,-6.749377256191297e-05,-0.07190248773779624,0.03309524212367645,-0.020576582172807646,0.08268631706404343,0.10923593582468366,0.10655809785247206,-0.12085504696302284,-0.11858900168288249,-0.2247642169855857,-0.18041431235620312,-0.14517884505204437,0.08358360593082173,0.11924427921426478,-0.012628816224453167,-0.03808336826498811,-0.0567145781529792,-0.0017943327368103792,-0.03174858818423039,-0.021813581519965274,-0.044474736512222265,-0.05267543769982137,-0.0010135801945712957,-0.08731987946596059,-0.029049306739910793,-0.03822016510928271,-0.05969142527604561,-0.07588853527136774,-0.11286103707291027,,,,-0.003965573030901135,0.03363174171717119,0.11415168522156408,0.00820891680551357,0.10921304914961123,0.02360194396222391,0.09858124042674674,-0.1504465104498146,-0.03892824289879669,,-0.01312698615399154,-0.11286103707291027,,-0.02728416546661744,-0.10690254906872854,-0.02329329120627576,,-0.19247018393596185,0.09803044737941409,0.10655809785247206,-0.18041431235620312,-0.003965573030901135,,,,,,,-6.749377256191297e-05,0.03309524212367645,-0.07190248773779624,-0.020576582172807646,-0.16247253356644717,-0.08285776591529453,0.024439609131533216,-0.013294680299259494,-0.049600557171573155,-0.020035786293584275,-0.0383253374049939,-0.04587330956830841,-0.06188038096345173,-0.0018763470927697326,-0.04520006154730791,-0.07360579369028314,0.37630170174297195
Protocol,-0.33868235191791735,-0.29120116017127645,0.09901010269234091,1.0,-0.36797099518430515,0.021006801181006274,-0.0930501760585122,0.1826532964535432,-0.024033008954252682,0.5359122880918908,0.5572650127415606,0.5642153342658919,-0.12073293332943172,-0.12413499044568306,0.06729048603121894,-0.12984822219679806,-0.17262861372260954,0.40571250629046973,0.13576987503805538,-0.36865003444788985,-0.38709286493177086,-0.36861660643910565,-0.014911694543941586,-0.36533979119595045,-0.37538980790605153,-0.3811121302112845,-0.36411925875276285,-0.014274463843222628,-0.1722380874064843,-0.14515533536915348,-0.1520963859759303,-0.16434759425848652,-0.11731606747544449,-0.18232759242407265,,,,-0.03450886079552116,-0.012416084474555208,0.16279418763999706,-0.075287111563614,0.557539205156392,0.40468542222768444,0.5582360275847688,-0.1404592060541078,-0.04696830794820456,,-0.04328212130518167,-0.18232759242407265,,-0.8504529458842615,-0.38863659128847844,-0.281978161093346,,-0.28285060667433276,0.5364463635359468,0.5642153342658919,-0.12984822219679804,-0.03450886079552116,,,,,,,0.021006801181006274,0.1826532964535432,-0.0930501760585122,-0.024033008954252682,-0.47992719524875527,-0.159934135102099,0.15424367609331563,-0.10011875485889282,-0.05928736031232001,-0.05773272098320307,-0.07036120746562126,-0.04508600484594146,-0.3503602715592868,-0.2728076072235331,-0.3586360576021122,-0.31670828766797493,0.24520264644512738
Flow Duration,0.34705615686434693,0.11389954888972967,-0.03378860817486596,-0.36797099518430515,1.0,0.019546571647044025,0.09617598907819963,-0.06247448425384645,0.02018034949016845,-0.18467304264567405,-0.20671399441814747,-0.2084643333698136,0.08042631943646554,0.0907973291898429,-0.02745602735799554,0.066238126054272,0.09814318984375271,-0.1550895650741493,-0.23825999919401555,0.8889907262348377,0.8826916639593521,0.8879890653526336,0.016458372966418396,0.9994297508876178,0.9032326462425776,0.8706660370977554,0.8885596896234759,0.016534753080549674,0.4439068597147799,0.37658299674979673,0.3968249047651667,0.42474199838263355,0.08824271567745598,0.019426753344084488,,,,0.012079385883194875,0.004596873717585326,-0.22705685072349732,-0.008822233415483218,-0.20668303208362257,-0.12167198882176535,-0.20538584779150185,0.08597780854600899,0.02759570615879097,,-0.004737926870447486,0.019426753344084488,,0.39477854859119466,-0.009709076230125983,-0.031393570528753974,,-0.020076665746166605,-0.19828850916848534,-0.2084643333698136,0.066238126054272,0.012079385883194875,,,,,,,0.019546571647044025,-0.06247448425384645,0.09617598907819963,0.02018034949016845,0.1930841607144914,0.014523426792917363,-0.04880370478814693,0.03648246371414155,0.09374521759386144,0.16294898591880047,0.15475942855618435,0.04367848049052224,0.8199874594756141,0.779963979740848,0.8929142988184845,0.6881347628266491,-0.052205421475657765
Total Fwd Packets,-0.04413245250827366,-0.06042461874060892,-6.749377256191297e-05,0.021006801181006274,0.019546571647044025,1.0,0.12017742221320651,0.24952350760825917,0.020134652585967753,-0.02458204085701333,-0.03147956086596079,-0.026258910221258567,0.01051015438077577,0.01654048925825719,-0.011497100930174683,0.011851780146213759,0.01437914300873824,-0.056989047489323215,-0.08668364732615676,-0.00278683840260361,-0.001927402606550489,0.005741007949346639,-0.0009689419027248512,0.019638239580023545,-0.002408104368933238,-0.0012519545649197234,0.005940267866154272,-0.0009379532214762287,0.04846172861494647,0.00121153469555771,0.0025850842955301425,0.008446839110337463,-0.006324689198107332,-0.006161458925673799,,,,-0.057885361281728824,0.001726251543768857,-0.08254289080268234,-0.003441826347660392,-0.031466567976813443,-0.012341065491211866,-0.025086707271649255,0.017116051339539657,0.016756975493588223,,-0.0017874033192207739,-0.006161458925673799,,-0.025175542603231654,-0.016106607734973837,-0.013077545271201316,,-0.01591265641874195,-0.0397259465145884,-0.026258910221258567,0.011851780146213766,-0.057885361281728824,,,,,,,1.0,0.24952350760825917,0.12017742221320651,0.020134652585967753,-0.008066232116266168,-0.005498498240180733,0.25064244723337376,-0.011608243559426072,0.26117316356232495,0.6898278723958583,0.6013419310804247,0.06942397478925005,0.007137407188181104,4.070863568574518e-06,0.00533682687696528,0.008414449059938395,0.014428050424971627
Total Backward Packets,-0.014205809218860162,0.05849779038727192,-0.07190248773779624,-0.0930501760585122,0.09617598907819963,0.12017742221320651,1.0,-0.005667205487006796,0.9168812584293372,-0.0016142634007529257,-0.05815535058841782,-0.05214602447186257,0.19143007980959803,0.7907987202096962,0.019308883739661196,0.6095757325219273,0.6340433344146185,-0.04364357974480284,-0.06680206365663523,0.019229124177869893,0.051262993548322665,0.13846389274171694,-0.0007326263439007683,0.09504562541338217,0.03148388883935633,0.06603799127371052,0.13723559673733962,-0.0007265044303363056,0.20221084167418327,0.04616960247626276,0.06705441899694095,0.13833734549497695,0.02168463719153307,0.017566622918202095,,,,0.003603869710708305,-0.002204732915154138,-0.06380029394465153,0.004139123725613413,-0.0581956422339022,0.4293829404220921,0.004512307084219963,0.6700427789930354,0.8389090650362666,,0.0008976089328362304,0.017566622918202095,,0.08577175044346916,0.02697857043079592,0.014974959239413122,,0.15349788125140326,-0.014561321086953774,-0.05214602447186257,0.6095757325219271,0.003603869710708305,,,,,,,0.12017742221320651,-0.005667205487006796,1.0,0.9168812584293372,0.2042837530243741,0.03647809330060896,0.0012857201158659915,0.010068801764546378,0.0894912722901731,0.1289707614530506,0.1251301231537883,0.04889571600998648,0.12563649754573353,0.03222285112881837,0.10299672876634852,0.1383413727229104,-0.14490115859063465
Total Length of Fwd Packets,-0.2076912664982866,-0.27565538965203673,0.03309524212367645,0.1826532964535432,-0.06247448425384645,0.24952350760825917,-0.005667205487006796,1.0,-0.0005156113052812684,-0.012983054449172627,-0.03362228556992327,-0.012725288590778578,0.017905356264528105,-0.011247907675002796,-0.050720971134738675,-0.02488647314412247,-0.013805015446865342,-0.15374807086148834,-0.2940333377778675,-0.07044676579834047,-0.07053840803950337,-0.05881833123790668,-0.003958742935762524,-0.062022162082668884,-0.07082461777449447,-0.0683999061946021,-0.05802189942866302,-0.003835568850289198,-0.01777099171358216,-0.02575513997114018,-0.02528205370414654,-0.022582245642393334,-0.036676378899184084,-0.033359559674299114,,,,-0.2312677654989427,0.007550601876989058,-0.27845374707146486,-0.014548085123687311,-0.033601148934782846,-0.017149352980314527,-0.014025287828628651,-0.004207073052807601,-0.0019739510408413753,,-0.00834800411342222,-0.033359559674299114,,-0.15735013274344511,-0.07321556857474505,-0.05433094050704034,,-0.08153878673343125,-0.07143318497632489,-0.012725288590778578,-0.024886473144122484,-0.2312677654989427,,,,,,,0.24952350760825917,1.0,-0.005667205487006796,-0.0005156113052812684,-0.08030681571652107,-0.027824990108915787,0.9975860833593952,-0.060373658135635506,-0.006967040097040859,-0.0034391272654636855,-0.0060600241946849025,-0.006667583978780332,-0.05288708761648695,-0.049989216266946024,-0.05755427485190977,-0.04452304896130672,0.08881394893684778
Total Length of Bwd Packets,-0.00833969252282165,0.015369433591022897,-0.020576582172807646,-0.024033008954252682,0.02018034949016845,0.020134652585967753,0.9168812584293372,-0.0005156113052812684,1.0,0.000738642322826393,-0.013799187167960556,-0.013083495481843834,0.038184558122306984,0.7316443336175003,0.001057904813649297,0.49693759175825275,0.5384646590456483,-0.010294061569612408,-0.015818582121070877,-0.001719328520593792,0.004968977850597625,0.04902131469265011,-0.00018263917970724085,0.02008855712761864,-0.0004099768398247312,0.009876078329058995,0.04900397196343109,-0.00017767967154215734,0.029858920845712993,0.0010040169848400215,0.00491248474640002,0.02267907518686129,0.0018842493025584336,0.000464832726499231,,,,0.0008539104552019774,0.00022880638327209661,-0.01507640885534882,-0.0005091444809452936,-0.013798038981649965,0.4284847586478027,0.04022010305923785,0.5706304811566474,0.9372603534491288,,-0.0003315111224906105,0.000464832726499231,,0.027376848542844875,-0.001330541646168484,-0.001202764224115806,,0.08035927875245082,0.02232178671347471,-0.013083495481843834,0.49693759175825275,0.0008539104552019774,,,,,,,0.020134652585967753,-0.0005156113052812704,0.9168812584293372,1.0,0.09789107431524849,0.002815312471791763,0.0010093393294696082,0.002467581594243345,0.007296780881978116,0.008484428094702024,0.006838374455407423,0.003935774438868958,0.020458170202308515,0.0007844486831291173,0.015137802731791635,0.024236266599588288,-0.045967826383418675
Fwd Packet Length Max,-0.37752435977855064,-0.5049557585580746,0.08268631706404343,0.5359122880918908,-0.18467304264567405,-0.02458204085701333,-0.0016142634007529257,-0.012983054449172627,0.000738642322826393,1.0,0.9744027376055844,0.9844899960446251,0.06194446598286335,0.017868646576262966,-0.14818345628916027,-0.01857569910978852,0.02928608690003154,0.7966039443689678,0.24185908655368232,-0.21161276412466415,-0.20801909220692177,-0.17703291001318117,-0.007112534747907377,-0.1836672183153724,-0.21034243828763544,-0.19900532407506236,-0.1753805196757683,-0.006728804551362795,-0.02119274045904016,-0.07135342501688133,-0.06548518256548279,-0.0483816525756332,-0.10711363758587764,-0.09138156984320916,,,,0.010175083260600503,0.02220456445978146,0.25479562680702583,-0.04477274516955124,0.9741384110699214,0.8441172999884881,0.9839816776810569,0.014761403116748525,0.010011927137752586,,-0.025802026294680376,-0.09138156984320916,,-0.4597709361821736,-0.21698702784098367,-0.16679440982752122,,-0.23685442611459837,0.9799245691289405,0.9844899960446251,-0.018575699109788502,0.010175083260600503,,,,,,,-0.02458204085701335,-0.012983054449172627,-0.0016142634007529218,0.000738642322826395,-0.1913606275698387,-0.06940439790569258,-0.07160438863348335,-0.1411425806368452,-0.01653359213366567,-0.00918865804789678,-0.016522246134470987,-0.01598866297097443,-0.1572136214292657,-0.15227482007220214,-0.17270056638208078,-0.1308769388546521,0.2279155704186301
Fwd Packet Length Min,-0.356628273839935,-0.5200594919993758,0.10923593582468366,0.5572650127415606,-0.20671399441814747,-0.03147956086596079,-0.05815535058841782,-0.03362228556992327,-0.013799187167960556,0.9744027376055844,1.0,0.9965989026024696,-0.1524480230416057,-0.07940123923642259,-0.14106904381362292,-0.1189069085942267,-0.09781521839679665,0.8208744366940145,0.28622680265373407,-0.20828424142146063,-0.21827120951310158,-0.20811251777213718,-0.006915634651292873,-0.205168741804717,-0.21184533571257602,-0.21462840634883193,-0.20538861520364393,-0.006554973390185697,-0.09723724974302181,-0.08208563398386544,-0.08609072532478344,-0.09315246309039586,-0.10821280014339127,-0.101676969742273,,,,0.015657695631892895,0.02107132235522784,0.2968544762616534,-0.042639604009080415,0.9998639620403393,0.7939089995734734,0.9930667564384794,-0.13505449465807834,-0.027282607797022636,,-0.02455096391721743,-0.101676969742273,,-0.4826745140803283,-0.21945129311666528,-0.15902856231130139,,-0.24719578941765757,0.9947799605156282,0.9965989026024696,-0.1189069085942268,0.015657695631892895,,,,,,,-0.03147956086596079,-0.03362228556992329,-0.05815535058841782,-0.013799187167960556,-0.2721151308478036,-0.08996917188082075,-0.0929033913406072,-0.14372578241079695,-0.03702959073074164,-0.031707345516866894,-0.040618642342884814,-0.029405997464782722,-0.1960145326030811,-0.15354599217521078,-0.2011927296448122,-0.17678153853506606,0.27617376132412735
Fwd Packet Length Mean,-0.370293762112276,-0.5288508753539872,0.10655809785247206,0.5642153342658919,-0.2084643333698136,-0.026258910221258567,-0.05214602447186257,-0.012725288590778578,-0.013083495481843834,0.9844899960446251,0.9965989026024696,1.0,-0.09700630274918526,-0.06540938635649468,-0.14540879115128963,-0.10392164669015674,-0.07762229890454247,0.8152685100713143,0.26764741279895143,-0.21348514916477893,-0.22155208401269802,-0.20825391108339159,-0.007045160526245367,-0.20703342663676874,-0.21644226915019849,-0.217144131160603,-0.20580362713906533,-0.006670938102355572,-0.08896107501758783,-0.08226489700182323,-0.08489596275366791,-0.08888455029445771,-0.11013737748726585,-0.09822397536448735,,,,0.0089048022359589,0.021754696063569532,0.2794332470705127,-0.043957786158231295,0.996390433600788,0.8062163005916692,0.9966525471713226,-0.10223858985309883,-0.02138238108948239,,-0.02531451058547143,-0.09822397536448735,,-0.4889238824293171,-0.22128402710566494,-0.16381096597304673,,-0.25105994529481024,0.995344059332265,1.0,-0.1039216466901568,0.0089048022359589,,,,,,,-0.026258910221258567,-0.01272528859077856,-0.05214602447186258,-0.013083495481843841,-0.26158940875530984,-0.08758354160270049,-0.0722392190806152,-0.14525429646788163,-0.034432859595347004,-0.028594963179758667,-0.03721528350330804,-0.027761247802966516,-0.19513850832978125,-0.15681956022490673,-0.20187382762669312,-0.17449059979519732,0.27282160561311963
Fwd Packet Length Std,-0.06645524750474813,0.12300249914744328,-0.12085504696302284,-0.12073293332943172,0.08042631943646554,0.01051015438077577,0.19143007980959803,0.017905356264528105,0.038184558122306984,0.06194446598286335,-0.1524480230416057,-0.09700630274918526,1.0,0.3921538523887997,-0.026024101491154025,0.4265066256409226,0.5413803885683944,-0.14292873350453505,-0.2113205129614095,-0.009705240768499126,0.042933863840260406,0.11518968749127165,0.0014187733820029077,0.07724970147057013,0.008558167098905767,0.061350637379740544,0.10827711426216872,0.0015336986230213992,0.2790850658827059,0.04429005384048199,0.08052990008733833,0.1636399987790337,0.011384645462062777,0.0878396624531568,,,,0.00030585528097938435,0.0044257104934897,-0.20136640802103128,-0.008202065751809904,-0.15323499885565403,0.16665162887838605,-0.08614123061051425,0.6664508247319307,0.15037872342011202,,-0.004835856621616982,0.0878396624531568,,0.11443278489820077,0.03974796048238049,-0.028250353804893828,,0.04293637827024983,-0.10831822069156692,-0.09700630274918529,0.42650662564092257,0.00030585528097938435,,,,,,,0.010510154380775768,0.017905356264528098,0.19143007980959803,0.038184558122306984,0.3899191300714776,0.10420899954615977,0.021700118340669237,0.02713551444735087,0.07779297746017569,0.08603718525933046,0.0949240228737144,0.05178297305958627,0.13710820799035675,0.0038473447118108424,0.10014452833885062,0.16251050036473574,-0.21959042408265744
Bwd Packet Length Max,-0.03861652546377045,0.09460022610482419,-0.11858900168288249,-0.12413499044568306,0.0907973291898429,0.01654048925825719,0.7907987202096962,-0.011247907675002796,0.7316443336175003,0.017868646576262966,-0.07940123923642259,-0.06540938635649468,0.3921538523887997,1.0,0.04481151487492465,0.805951137382306,0.901580655896437,-0.059644750939638884,-0.0916098341443641,0.006013399250686216,0.058153407899474,0.15601673343032288,-0.0010578451902237506,0.08888868835071807,0.021857239680375045,0.07968490089455108,0.15264415180109808,-0.0010290449705146084,0.233213515608025,0.04109553224862082,0.07893164346606277,0.1610615643235814,0.02295162938021013,0.001231998065123837,,,,0.004924265211480154,-0.002959660850730914,-0.08732680024093858,-0.0022340658131871586,-0.07947126098226932,0.5344493173984868,-0.0008956853678939113,0.8853223191462993,0.8086426346035629,,-0.0016811466876549591,0.001231998065123837,,0.13951986676346234,-0.0031206216684114235,-0.0012515202978035755,,0.14809234082771397,-0.02402808639924024,-0.06540938635649467,0.8059511373823061,0.004924265211480154,,,,,,,0.016540489258257192,-0.011247907675002803,0.7907987202096962,0.7316443336175003,0.3496497264815186,0.04720669906415004,-0.0027746518155959683,0.013729461739692231,0.05040688250327615,0.04448678711777808,0.048008726719905456,0.03589549181544439,0.15349546876503914,0.006179783198782139,0.11493966920477292,0.18073748851461596,-0.232018157789445
Bwd Packet Length Min,-0.018425686478103526,0.19752176174985064,-0.2247642169855857,0.06729048603121894,-0.02745602735799554,-0.011497100930174683,0.019308883739661196,-0.050720971134738675,0.001057904813649297,-0.14818345628916027,-0.14106904381362292,-0.14540879115128963,-0.026024101491154025,0.04481151487492465,1.0,0.24886956330727644,-0.0035205594929929728,-0.1127740991069975,-0.17321945309477096,-0.025909349609095886,-0.022153926640394304,-0.02089257679162294,-0.00199938694305949,-0.02743298250173334,-0.025379028961768007,-0.021260107193487275,-0.02109219357766149,-0.001944540075058354,-0.011662855561692694,-0.007269178133059788,-0.00785026635716156,-0.009496998456242434,0.1481165934640785,0.03735374408434116,,,,0.008861875790567783,-0.0909784755302825,-0.16509950334527546,-0.005229427561873642,-0.14104034770728127,-0.10506215850431724,-0.13311334010584447,0.0769270105763769,0.002788328933973458,,-0.002108261654872849,0.03735374408434116,,-0.07229168675704595,0.00028011801980393013,-0.014457338567035367,,0.3413735425317953,-0.13041036887330287,-0.14540879115128963,0.2488695633072765,0.008861875790567783,,,,,,,-0.011497100930174683,-0.05072097113473864,0.019308883739661196,0.001057904813649297,-0.037933537067118404,-0.007982490258704277,-0.041169987530572744,0.014634110496688944,-0.005102434651325503,-0.0048870797840966495,-0.005877426274887228,-0.0038279162444847027,-0.01656261593336295,-0.022767441493360636,-0.02049921742278135,-0.011367864458402047,-0.5151419074866993
Bwd Packet Length Mean,-0.04895104546631923,0.14638401920873448,-0.18041431235620312,-0.12984822219679806,0.066238126054272,0.011851780146213759,0.6095757325219273,-0.02488647314412247,0.49693759175825275,-0.01857569910978852,-0.1189069085942267,-0.10392164669015674,0.4265066256409226,0.805951137382306,0.24886956330727644,1.0,0.897029066414751,-0.09068031272419755,-0.13925175057818445,-0.004345916386615445,0.044029417231773164,0.1360926001702165,-0.001608296970253808,0.06242993166136764,0.007585590509800757,0.06010756404417774,0.1280946491769368,-0.0015643961527025956,0.18913773927342492,0.029663960817714892,0.06341578013037556,0.1452349125333348,0.0586375920174649,0.014406359514847351,,,,0.007400006702922359,-0.02114081511716553,-0.13276534884220323,-0.0022618669311874288,-0.1190396235316597,0.38141869202965495,-0.031092337689634122,0.9029995475249436,0.5965237534515284,,-0.0019386327251592035,0.014406359514847351,,0.13914995655622525,0.010343769850884426,0.010878559166719256,,0.2363317255035166,-0.055407233667408184,-0.10392164669015674,1.0000000000000002,0.007400006702922359,,,,,,,0.011851780146213756,-0.024886473144122487,0.6095757325219273,0.49693759175825275,0.39907680856128364,0.0444527429046546,-0.014884084624284663,0.01866898637813153,0.05024773110632444,0.03920999124587501,0.04294634266842078,0.037211479941857174,0.13257058949539988,-0.0031034292636198794,0.09583097518951308,0.15946463805897515,-0.3526331439813016
Bwd Packet Length Std,-0.051744724800985395,0.11282331165914745,-0.14517884505204437,-0.17262861372260954,0.09814318984375271,0.01437914300873824,0.6340433344146185,-0.013805015446865342,0.5384646590456483,0.02928608690003154,-0.09781521839679665,-0.07762229890454247,0.5413803885683944,0.901580655896437,-0.0035205594929929728,0.897029066414751,1.0,-0.07306502654565351,-0.11218636268444107,0.007800175529449729,0.06890725927905555,0.16829280357580131,-0.0012960717294075318,0.09403970631392095,0.025332507045319853,0.08937727962247669,0.159738354676999,-0.0012608052846315187,0.2630224171532167,0.049627372744659254,0.0923866788380859,0.18524079340183966,0.024194752439794517,0.0019077628082112294,,,,0.00606372987295453,0.0021851249321380548,-0.10697599953366083,-0.001100208460817858,-0.09799481991995103,0.46064473933593864,-0.01526897057956648,0.9488043556197707,0.6622340018349182,,-0.001912863325382729,0.0019077628082112294,,0.1914195516459988,0.00020858030061006092,0.00284021845459051,,0.12929905037252423,-0.038658650137778916,-0.07762229890454247,0.8970290664147513,0.00606372987295453,,,,,,,0.014379143008738245,-0.013805015446865347,0.6340433344146186,0.5384646590456482,0.481168585467207,0.060251201056727655,-0.004056040684436707,0.017592361314242463,0.062308658834960784,0.05082250632187542,0.056842369453270813,0.04609740033451931,0.17126825441096385,0.0028045666876035094,0.1268504059717992,0.20301271272332613,-0.255176382135866
Flow Bytes/s,-0.25259745806702916,-0.3826555397519342,0.08358360593082173,0.40571250629046973,-0.1550895650741493,-0.056989047489323215,-0.04364357974480284,-0.15374807086148834,-0.010294061569612408,0.7966039443689678,0.8208744366940145,0.8152685100713143,-0.14292873350453505,-0.059644750939638884,-0.1127740991069975,-0.09068031272419755,-0.07306502654565351,1.0,0.5897854888457367,-0.15836143231055222,-0.16504516965222563,-0.15713284281939446,-0.00995616415095738,-0.1539326829701704,-0.16073271523199176,-0.16217780961204847,-0.1550972786976162,-0.009685976816585532,-0.07254848667858693,-0.061255471935514366,-0.06424429375247083,-0.06951011415599007,-0.0824291228562602,-0.07312840684565636,,,,0.03641508255194203,0.01676007419309728,0.5959799717437506,-0.031687091021928376,0.8209732650853121,0.6511451386029259,0.8131578533252083,-0.11667868334801323,-0.020557399086495693,,-0.018038519643053787,-0.07312840684565636,,-0.34983275396236546,-0.16226783447939586,-0.11926419008967368,,-0.18855655026184348,0.8295408566250039,0.8152685100713143,-0.09068031272419755,0.03641508255194203,,,,,,,-0.056989047489323215,-0.15374807086148834,-0.04364357974480283,-0.010294061569612411,-0.19890913068555402,-0.06765328667133284,-0.2021544256498492,-0.11800226283038356,-0.02980080391118312,-0.024341303446427282,-0.03178145827942746,-0.023930829136649793,-0.14749015420474465,-0.11466418638572391,-0.15107304834966442,-0.13333741904176227,0.21231738323765495
Flow Packets/s,0.035439910326018426,-0.07595648482784875,0.11924427921426478,0.13576987503805538,-0.23825999919401555,-0.08668364732615676,-0.06680206365663523,-0.2940333377778675,-0.015818582121070877,0.24185908655368232,0.28622680265373407,0.26764741279895143,-0.2113205129614095,-0.0916098341443641,-0.17321945309477096,-0.13925175057818445,-0.11218636268444107,0.5897854888457367,1.0,-0.24328670342767852,-0.2535546365388759,-0.24139912602157038,-0.015295781106008337,-0.2364827250861804,-0.24692971123806676,-0.2491496597170996,-0.23827198072269523,-0.014880736461450298,-0.11145435823485432,-0.09410525172933312,-0.09869690530123146,-0.10678664976309407,-0.12536901689383623,-0.04607665499144072,,,,0.061321857296787144,0.02574434619511918,0.982618477799476,-0.013437300060078912,0.28640040940949824,0.1689810866791667,0.2627853206705792,-0.17546056263448415,-0.03139571395532321,,-0.0059068938935907065,-0.04607665499144072,,-0.043294924881036354,-0.180413668224267,-0.1661723190773477,,-0.2839779300535018,0.30033993146947036,0.2676474127989514,-0.1392517505781845,0.061321857296787144,,,,,,,-0.08668364732615676,-0.29403333777786744,-0.06680206365663521,-0.015818582121070884,-0.1333440326811985,-0.10299911906274078,-0.3121810301740562,-0.0401423127873157,-0.04578181126985383,-0.03739385735507073,-0.04882411288125291,-0.03676421405511355,-0.22658547739558116,-0.1761557763580234,-0.232089796910986,-0.20484297244680927,0.280855897732866
Flow IAT Mean,0.33797894446823046,0.10230377032865297,-0.012628816224453167,-0.36865003444788985,0.8889907262348377,-0.00278683840260361,0.019229124177869893,-0.07044676579834047,-0.001719328520593792,-0.21161276412466415,-0.20828424142146063,-0.21348514916477893,-0.009705240768499126,0.006013399250686216,-0.025909349609095886,-0.004345916386615445,0.007800175529449729,-0.15836143231055222,-0.24328670342767852,1.0,0.9413674367084048,0.8665761765434061,0.212039985763912,0.8882622777816163,0.9848708968015331,0.9101617314092948,0.8662688034599865,0.21207318274612538,0.19523513634879,0.2622362027890551,0.26091217304404507,0.23943958936155688,0.07540562208354727,0.01889014426218862,,,,0.013062094727777576,0.004576501417648211,-0.23184719642626225,-0.009007825791087826,-0.20825311182659612,-0.1771102725503202,-0.2141050470463751,-0.005046969972497078,-0.0011057872206757702,,-0.004626444225416803,0.01889014426218862,,0.39675485373889846,-0.005847709021171103,-0.018369729855509276,,-0.030205333709794745,-0.20474577525649107,-0.21348514916477893,-0.0043459163866154445,0.013062094727777576,,,,,,,-0.0027868384026036117,-0.07044676579834049,0.019229124177869893,-0.0017193285205937925,0.1519589162806938,0.019494301948905297,-0.059777815490032526,0.03641487300205252,0.06708299739748969,0.08883557191363631,0.09369085687761493,0.04246305843821875,0.7808930489648898,0.793572057793109,0.8610619768770045,0.6452884397234652,-0.0086556511514522
Flow IAT Std,0.30448498591724776,0.11942324636043158,-0.03808336826498811,-0.38709286493177086,0.8826916639593521,-0.001927402606550489,0.051262993548322665,-0.07053840803950337,0.004968977850597625,-0.20801909220692177,-0.21827120951310158,-0.22155208401269802,0.042933863840260406,0.058153407899474,-0.022153926640394304,0.044029417231773164,0.06890725927905555,-0.16504516965222563,-0.2535546365388759,0.9413674367084048,1.0,0.9501957959725034,0.0003220313326459604,0.8807435095009278,0.957737083738001,0.9903676066150965,0.9477388643570918,0.00044023500096414714,0.32848815431650674,0.3266037351809172,0.34806357752745554,0.3638816728389565,0.08036325793031986,0.04917583504595422,,,,0.013327873456788746,0.00474922706602162,-0.2416323588231227,-0.009387601835727614,-0.21824485809053268,-0.15298890744523375,-0.21984327688604882,0.05234768511305436,0.01216028545852577,,-0.004669679496652751,0.04917583504595422,,0.4043506211651565,0.007510387842630049,-0.032202794890993876,,-0.01670871168504744,-0.2115532723840157,-0.22155208401269802,0.04402941723177318,0.013327873456788746,,,,,,,-0.001927402606550489,-0.07053840803950337,0.051262993548322644,0.0049689778505976265,0.20861957215471952,0.039864850286510135,-0.05762604863059223,0.03907399343293717,0.07525774698339842,0.10109690940316736,0.10178780541951621,0.04590851824938929,0.895068153779601,0.7861842189276491,0.9402989538225709,0.7887324541633131,-0.05069841861598868
Flow IAT Max,0.2815497004467641,0.12356045415740699,-0.0567145781529792,-0.36861660643910565,0.8879890653526336,0.005741007949346639,0.13846389274171694,-0.05881833123790668,0.04902131469265011,-0.17703291001318117,-0.20811251777213718,-0.20825391108339159,0.11518968749127165,0.15601673343032288,-0.02089257679162294,0.1360926001702165,0.16829280357580131,-0.15713284281939446,-0.24139912602157038,0.8665761765434061,0.9501957959725034,1.0,0.04772384529529144,0.8856007105600324,0.8971257362065939,0.9602323070824956,0.9967952361923382,0.04780430062273592,0.4681291857509769,0.35067578551105,0.40415526849608957,0.4899779763333525,0.07885166516143485,0.06717108477409975,,,,0.01087321509223253,0.004588094857065107,-0.2300484084799265,-0.008936845055281912,-0.2080878799536612,-0.08321604978927888,-0.20048949197616162,0.15284511607745047,0.060759238163258164,,-0.004596733891994153,0.06717108477409975,,0.3825675297483652,0.01600296401631428,-0.028538424946122968,,0.0022246204524212954,-0.19559962869453643,-0.20825391108339159,0.1360926001702165,0.01087321509223253,,,,,,,0.005741007949346638,-0.05881833123790669,0.13846389274171694,0.0490213146926501,0.24559806817974855,0.037000222693541904,-0.044475117642236356,0.036572685718595344,0.10834677128932503,0.1334065214020505,0.13024154803568105,0.06632891686935477,0.9437935601803624,0.7902514276790806,0.9812508742853678,0.8516435713110388,-0.09558816924219289
Flow IAT Min,-0.006872449821420692,-0.011635153364615363,-0.0017943327368103792,-0.014911694543941586,0.016458372966418396,-0.0009689419027248512,-0.0007326263439007683,-0.003958742935762524,-0.00018263917970724085,-0.007112534747907377,-0.006915634651292873,-0.007045160526245367,0.0014187733820029077,-0.0010578451902237506,-0.00199938694305949,-0.001608296970253808,-0.0012960717294075318,-0.00995616415095738,-0.015295781106008337,0.212039985763912,0.0003220313326459604,0.04772384529529144,1.0,0.01648624310649942,0.19136679306081328,0.0001566889663570381,0.04786569718735321,0.9996243723297471,-0.0012865177538283806,-0.001086290855440685,-0.0011392913888208004,-0.0012326670421504964,-0.0014609310314218306,0.03396779901038662,,,,0.0007249991275460764,0.00029717557915538934,-0.0145764532553292,-0.0005654697932711685,-0.006913846120604455,-0.006435183118271912,-0.007193636504111853,-0.0004028442179663309,-7.340796672362004e-05,,-0.00032472450716613085,0.03396779901038662,,-0.006376922202223186,0.04283681028192072,0.05944007416534279,,-0.0021119230854200143,-0.006810186089488323,-0.007045160526245368,-0.0016082969702538071,0.0007249991275460764,,,,,,,-0.0009689419027248518,-0.003958742935762524,-0.0007326263439007681,-0.00018263917970724072,-0.0012924635951749265,-0.0002457627475339888,-0.0035411407672736772,-0.0023535027431088908,0.041200234655800555,0.010697663474663456,0.027230762398485403,0.03882238791319606,0.003519634858206056,0.0012985738707916026,0.0029464585435357007,0.0037988226637110456,-0.0445323374516498
Fwd IAT Total,0.3477717960629247,0.11240872564993551,-0.03174858818423039,-0.36533979119595045,0.9994297508876178,0.019638239580023545,0.09504562541338217,-0.062022162082668884,0.02008855712761864,-0.1836672183153724,-0.205168741804717,-0.20703342663676874,0.07724970147057013,0.08888868835071807,-0.02743298250173334,0.06242993166136764,0.09403970631392095,-0.1539326829701704,-0.2364827250861804,0.8882622777816163,0.8807435095009278,0.8856007105600324,0.01648624310649942,1.0,0.9035119073068401,0.8705230664205161,0.8884846790465244,0.01656530621150342,0.44048380949164184,0.37390827330848597,0.39377109381923564,0.4209786995874432,0.08776272737418814,0.018898621854938073,,,,0.011983134887628937,0.004594931251361904,-0.22536313610105865,-0.008756852925164461,-0.20513428611129167,-0.12149454627919541,-0.20412003635251275,0.08247113847519341,0.026923882112959877,,-0.0047094736558704825,0.018898621854938073,,0.3921780153698274,-0.010322590556473882,-0.031547583175683486,,-0.02796269941494014,-0.19699308458182357,-0.20703342663676874,0.06242993166136768,0.011983134887628937,,,,,,,0.01963823958002354,-0.06202216208266888,0.09504562541338216,0.02008855712761864,0.18558439682013161,0.0052796711091436365,-0.048424028095763835,0.03620752895519052,0.08722813252546202,0.16154784233857802,0.15046877157448396,0.03703360169248187,0.818695602466099,0.7803343390267039,0.8921214458420332,0.686445231025047,-0.04875950872066849
Fwd IAT Mean,0.3308375781809344,0.10839072183105825,-0.021813581519965274,-0.37538980790605153,0.9032326462425776,-0.002408104368933238,0.03148388883935633,-0.07082461777449447,-0.0004099768398247312,-0.21034243828763544,-0.21184533571257602,-0.21644226915019849,0.008558167098905767,0.021857239680375045,-0.025379028961768007,0.007585590509800757,0.025332507045319853,-0.16073271523199176,-0.24692971123806676,0.9848708968015331,0.957737083738001,0.8971257362065939,0.19136679306081328,0.9035119073068401,1.0,0.9463411553253155,0.8999685588081485,0.1915138183807971,0.27957269242210425,0.33705670580124425,0.3393837110397536,0.32131272778667314,0.08441641905095855,0.02921411762364328,,,,0.013266696450413536,0.004797500321807652,-0.23531887862045636,-0.009144255211947028,-0.21181512607181704,-0.1698810664155979,-0.21655018155742636,0.012153515960591374,0.002455853456635508,,-0.004446108208607514,0.02921411762364328,,0.3964154377636709,0.0066632535271706345,-0.02168172050255015,,-0.035182934862730525,-0.2073854678460688,-0.21644226915019843,0.007585590509800751,0.013266696450413536,,,,,,,-0.002408104368933237,-0.07082461777449447,0.03148388883935633,-0.00040997683982473096,0.16767071831265057,0.017325248940919923,-0.05891715255420511,0.037165108776174204,0.06375904962832712,0.09367480892369286,0.09426595362753615,0.03678750553141601,0.8211927391971742,0.7903369725885484,0.8896322642950166,0.6929848562718159,-0.0237478367745197
Fwd IAT Std,0.28835402098103846,0.12067763184734297,-0.044474736512222265,-0.3811121302112845,0.8706660370977554,-0.0012519545649197234,0.06603799127371052,-0.0683999061946021,0.009876078329058995,-0.19900532407506236,-0.21462840634883193,-0.217144131160603,0.061350637379740544,0.07968490089455108,-0.021260107193487275,0.06010756404417774,0.08937727962247669,-0.16217780961204847,-0.2491496597170996,0.9101617314092948,0.9903676066150965,0.9602323070824956,0.0001566889663570381,0.8705230664205161,0.9463411553253155,1.0,0.9632982772063281,0.00023426099938180685,0.38152541546390956,0.3486135829314608,0.3789482636868757,0.40996750857670183,0.08080258657127534,0.05928567427621241,,,,0.013115027337199327,0.004840872577859658,-0.23743447668961096,-0.0092259456033926,-0.2146027985213313,-0.13611837403525126,-0.21447558876797335,0.07348244641421182,0.01919543763269748,,-0.004521886589433921,0.05928567427621241,,0.3928538375605199,0.015746501524969744,-0.033100926488040215,,-0.023859510792801717,-0.2068721558452378,-0.21714413116060294,0.06010756404417773,0.013115027337199327,,,,,,,-0.0012519545649197228,-0.06839990619460208,0.06603799127371052,0.009876078329058995,0.21356058492667646,0.030526972358805506,-0.054821259609723824,0.0384472676883984,0.07371630226992086,0.10512356348301222,0.10131146535442721,0.04178690995918649,0.9193095337933987,0.7610000989345712,0.9488032375864202,0.8266752612503007,-0.06398886902002072
Fwd IAT Max,0.2831849050790511,0.12079253939093192,-0.05267543769982137,-0.36411925875276285,0.8885596896234759,0.005940267866154272,0.13723559673733962,-0.05802189942866302,0.04900397196343109,-0.1753805196757683,-0.20538861520364393,-0.20580362713906533,0.10827711426216872,0.15264415180109808,-0.02109219357766149,0.1280946491769368,0.159738354676999,-0.1550972786976162,-0.23827198072269523,0.8662688034599865,0.9477388643570918,0.9967952361923382,0.04786569718735321,0.8884846790465244,0.8999685588081485,0.9632982772063281,1.0,0.04795768708640461,0.4638872821061773,0.34572697878529396,0.3985444317922098,0.48343394381029625,0.07782420150150167,0.06678460480986281,,,,0.010699876326218652,0.004629917636632823,-0.22706828100250398,-0.008822119119722905,-0.20536223552463917,-0.08289309788256294,-0.19834595181694478,0.14583754466417742,0.05957626158509303,,-0.004558636624408643,0.06678460480986281,,0.37799189308586834,0.015153350873031142,-0.029290066641055552,,-0.011885197735643028,-0.19338113034276877,-0.20580362713906533,0.12809464917693678,0.010699876326218652,,,,,,,0.005940267866154271,-0.05802189942866302,0.13723559673733962,0.049003971963431085,0.22897706940597834,0.020838387682682338,-0.043704802183622916,0.036092428704287964,0.10013069757887429,0.13164372727240423,0.12484274454261236,0.05794279438387206,0.9443557424718388,0.792382353215241,0.982427357997106,0.8515766092533678,-0.08958964481912517
Fwd IAT Min,-0.006620513086828609,-0.01224946940152313,-0.0010135801945712957,-0.014274463843222628,0.016534753080549674,-0.0009379532214762287,-0.0007265044303363056,-0.003835568850289198,-0.00017767967154215734,-0.006728804551362795,-0.006554973390185697,-0.006670938102355572,0.0015336986230213992,-0.0010290449705146084,-0.001944540075058354,-0.0015643961527025956,-0.0012608052846315187,-0.009685976816585532,-0.014880736461450298,0.21207318274612538,0.00044023500096414714,0.04780430062273592,0.9996243723297471,0.01656530621150342,0.1915138183807971,0.00023426099938180685,0.04795768708640461,1.0,-0.00125154817460822,-0.0010567776787271579,-0.0011083379101083973,-0.0011991707577446572,-0.001299036485173644,0.03394626842368053,,,,0.0007026006176801828,0.00028884995701150274,-0.014180906338272188,-0.0005509589713611487,-0.006552667749647478,-0.006099042008033556,-0.0068182037417738465,-0.00033358308402548306,-6.33188950673191e-05,,-0.00031593381560727796,0.03394626842368053,,-0.006203008901539849,0.041195195860057675,0.05717725428523563,,-0.0028589551674255806,-0.006453039674427323,-0.006670938102355567,-0.0015643961527025956,0.0007026006176801828,,,,,,,-0.0009379532214762281,-0.0038355688502892,-0.0007265044303363056,-0.00017767967154215723,-0.001747157066983968,-0.0006805730457046989,-0.0034320415486569812,-0.002417762371343534,0.041207629363734594,0.010707527111712248,0.027241432714683586,0.03882737116583167,0.003589625484412691,0.0013532071573319176,0.0030182515531025824,0.003862001457245422,-0.043042711175534015
Bwd IAT Total,0.04290641729335183,0.09125695895351811,-0.08731987946596059,-0.1722380874064843,0.4439068597147799,0.04846172861494647,0.20221084167418327,-0.01777099171358216,0.029858920845712993,-0.02119274045904016,-0.09723724974302181,-0.08896107501758783,0.2790850658827059,0.233213515608025,-0.011662855561692694,0.18913773927342492,0.2630224171532167,-0.07254848667858693,-0.11145435823485432,0.19523513634879,0.32848815431650674,0.4681291857509769,-0.0012865177538283806,0.44048380949164184,0.27957269242210425,0.38152541546390956,0.4638872821061773,-0.00125154817460822,1.0,0.6892964541563271,0.7497157929924129,0.8653794866176651,0.018281440989580643,0.05019870297782509,,,,0.006018559435031817,0.0021664820140302123,-0.10621374542924686,-0.0041250350004182765,-0.0972410384570595,0.0657523777075356,-0.0808963507579472,0.25674578329799136,0.05282239558679337,,-0.001952996507181284,0.05019870297782509,,0.16152192882521946,0.0449134653926206,-0.014365952544343526,,0.053333551987930265,-0.08267987028435894,-0.08896107501758782,0.18913773927342495,0.006018559435031817,,,,,,,0.04846172861494648,-0.017770991713582148,0.20221084167418324,0.029858920845712993,0.2344527996050118,0.05610686304620508,-0.0023516400798379113,0.017461316443679358,0.13349674590969995,0.180885342683201,0.180081170385951,0.07574032360826007,0.5420200552080546,0.19756936392003538,0.47173612497321715,0.5659184101126247,-0.18455535264134723
Bwd IAT Mean,0.11518301234289478,0.05555696266387681,-0.029049306739910793,-0.14515533536915348,0.37658299674979673,0.00121153469555771,0.04616960247626276,-0.02575513997114018,0.0010040169848400215,-0.07135342501688133,-0.08208563398386544,-0.08226489700182323,0.04429005384048199,0.04109553224862082,-0.007269178133059788,0.029663960817714892,0.049627372744659254,-0.061255471935514366,-0.09410525172933312,0.2622362027890551,0.3266037351809172,0.35067578551105,-0.001086290855440685,0.37390827330848597,0.33705670580124425,0.3486135829314608,0.34572697878529396,-0.0010567776787271579,0.6892964541563271,1.0,0.986322350499873,0.88374506347513,0.017815307116848103,0.03520815798064988,,,,0.005081695779923471,0.0018284961972269064,-0.08968037242015894,-0.0034842310630230355,-0.08208475268172644,-0.045054603975926366,-0.08134015827865056,0.0416902793784221,0.006877934575340595,,-0.0011809366009829768,0.03520815798064988,,0.13863399685440012,0.031194078188099193,-0.011119028362966438,,0.018135192286510605,-0.07848290525349126,-0.08226489700182323,0.029663960817714902,0.005081695779923471,,,,,,,0.0012115346955577102,-0.02575513997114018,0.04616960247626276,0.0010040169848400213,0.10057168301962063,0.03084396863948579,-0.018918823609551515,0.014743245651047069,0.03626341408087839,0.05049401125179287,0.054359530338894436,0.02312690056745696,0.34509626466076415,0.2576692175225931,0.35214726313982003,0.3033325064910731,-0.05147115819391768
Bwd IAT Std,0.10819579717887542,0.06198354793531745,-0.03822016510928271,-0.1520963859759303,0.3968249047651667,0.0025850842955301425,0.06705441899694095,-0.02528205370414654,0.00491248474640002,-0.06548518256548279,-0.08609072532478344,-0.08489596275366791,0.08052990008733833,0.07893164346606277,-0.00785026635716156,0.06341578013037556,0.0923866788380859,-0.06424429375247083,-0.09869690530123146,0.26091217304404507,0.34806357752745554,0.40415526849608957,-0.0011392913888208004,0.39377109381923564,0.3393837110397536,0.3789482636868757,0.3985444317922098,-0.0011083379101083973,0.7497157929924129,0.986322350499873,1.0,0.9418941096275454,0.01817424816921624,0.04889740676762865,,,,0.005329646646991171,0.001917877710428147,-0.0940561259920968,-0.0036541394752940175,-0.08609100531546615,-0.024845023131873343,-0.08232178851944581,0.0818799426589216,0.015087003127552885,,-0.001307708932621061,0.04889740676762865,,0.1461960812663812,0.031835587943208,-0.011880120443533333,,0.020910790894725598,-0.08031508264981557,-0.08489596275366791,0.06341578013037553,0.005329646646991171,,,,,,,0.0025850842955301434,-0.02528205370414654,0.06705441899694094,0.00491248474640002,0.12576894874846248,0.02850932850767051,-0.01759500804388491,0.015462618387637312,0.052056472315032,0.06583451036205336,0.06710286343976542,0.03279797296290348,0.4177271677957403,0.2607706545885792,0.40587766281463494,0.3901581892970377,-0.07126872972624275
Bwd IAT Max,0.08721998528759693,0.07644954840910974,-0.05969142527604561,-0.16434759425848652,0.42474199838263355,0.008446839110337463,0.13833734549497695,-0.022582245642393334,0.02267907518686129,-0.0483816525756332,-0.09315246309039586,-0.08888455029445771,0.1636399987790337,0.1610615643235814,-0.009496998456242434,0.1452349125333348,0.18524079340183966,-0.06951011415599007,-0.10678664976309407,0.23943958936155688,0.3638816728389565,0.4899779763333525,-0.0012326670421504964,0.4209786995874432,0.32131272778667314,0.40996750857670183,0.48343394381029625,-0.0011991707577446572,0.8653794866176651,0.88374506347513,0.9418941096275454,1.0,0.018016538826827785,0.06533876693424702,,,,0.005766497023285758,0.002075422613431918,-0.10176550324401913,-0.003952853422065679,-0.09315369563532841,0.02093262434869081,-0.0819310177215636,0.1739800761574275,0.03678101961439678,,-0.0016287545919949906,0.06533876693424702,,0.15803706306010765,0.03641742745121447,-0.01322649614481008,,0.03980876912223564,-0.08214985556952499,-0.08888455029445773,0.14523491253333481,0.005766497023285758,,,,,,,0.008446839110337463,-0.022582245642393334,0.13833734549497695,0.022679075186861294,0.17705432302714808,0.032791892829674804,-0.012219628994163663,0.01673002351819189,0.095877265343494,0.10596740009404407,0.10365790398018117,0.06121598420429095,0.5388461386299628,0.26094131940651233,0.492368281254786,0.5384747637716957,-0.12032307353608093
Bwd IAT Min,0.032798797408832674,0.08728858153770096,-0.07588853527136774,-0.11731606747544449,0.08824271567745598,-0.006324689198107332,0.02168463719153307,-0.036676378899184084,0.0018842493025584336,-0.10711363758587764,-0.10821280014339127,-0.11013737748726585,0.011384645462062777,0.02295162938021013,0.1481165934640785,0.0586375920174649,0.024194752439794517,-0.0824291228562602,-0.12536901689383623,0.07540562208354727,0.08036325793031986,0.07885166516143485,-0.0014609310314218306,0.08776272737418814,0.08441641905095855,0.08080258657127534,0.07782420150150167,-0.001299036485173644,0.018281440989580643,0.017815307116848103,0.01817424816921624,0.018016538826827785,1.0,0.021798698485609908,,,,0.0067118537413966015,-0.022286388473352084,-0.12012471392349267,0.026334224976459993,-0.10827676053047487,-0.08184676256234859,-0.10799904744326543,0.029503297719126253,0.005141812204145203,,0.004887443615844449,0.021798698485609908,,0.07366482539638289,0.10553137316655518,0.07322693178562628,,0.19923506520183754,-0.1040539136656955,-0.11013737748726585,0.058637592017464914,0.0067118537413966015,,,,,,,-0.006324689198107334,-0.03667637889918406,0.021684637191533077,0.001884249302558433,0.07143823936020026,0.046097134993057155,-0.030370588004856782,0.0166377956325442,0.006199182150887777,0.008113784614856286,0.00942986064058992,0.004419510643422583,0.0690222708655523,0.06824990765316474,0.07673235734293664,0.055096852261602165,-0.17114107425638972
Fwd PSH Flags,-0.05479793296911463,0.1001906973852517,-0.11286103707291027,-0.18232759242407265,0.019426753344084488,-0.006161458925673799,0.017566622918202095,-0.033359559674299114,0.000464832726499231,-0.09138156984320916,-0.101676969742273,-0.09822397536448735,0.0878396624531568,0.001231998065123837,0.03735374408434116,0.014406359514847351,0.0019077628082112294,-0.07312840684565636,-0.04607665499144072,0.01889014426218862,0.04917583504595422,0.06717108477409975,0.03396779901038662,0.018898621854938073,0.02921411762364328,0.05928567427621241,0.06678460480986281,0.03394626842368053,0.05019870297782509,0.03520815798064988,0.04889740676762865,0.06533876693424702,0.021798698485609908,1.0,,,,0.006401778773057984,0.002303309587361581,-0.04816999601466972,0.016520179616427464,-0.10277157574234921,-0.07933648246002459,-0.097811423369978,0.039223190888392566,0.003389637020147653,,-0.002517324869423438,1.0,,-0.049463064341357776,0.4691467466292534,0.005100303931879864,,0.022333317917783365,-0.09393462366184988,-0.09822397536448738,0.014406359514847386,0.006401778773057984,,,,,,,-0.0061614589256738005,-0.03335955967429914,0.0175666229182021,0.00046483272649923234,0.06064384489620293,0.02540722395781349,-0.026391397988433606,0.0185731466248216,0.009477010534970614,0.007309967386594154,0.006888974592818623,0.00646515108519344,0.0882819935884576,0.010611323231546774,0.06591345969919596,0.10345142771865737,-0.2998866964691728
Bwd PSH Flags,,,,,,,,,,,,,,,,,,,,,,,,,,,,,,,,,,,,,,,,,,,,,,,,,,,,,,,,,,,,,,,,,,,,,,,,,,,,,,,,,,
Fwd URG Flags,,,,,,,,,,,,,,,,,,,,,,,,,,,,,,,,,,,,,,,,,,,,,,,,,,,,,,,,,,,,,,,,,,,,,,,,,,,,,,,,,,
Bwd URG Flags,,,,,,,,,,,,,,,,,,,,,,,,,,,,,,,,,,,,,,,,,,,,,,,,,,,,,,,,,,,,,,,,,,,,,,,,,,,,,,,,,,
Fwd Header Length,0.039977263693702976,0.05392109343743375,-0.003965573030901135,-0.03450886079552116,0.012079385883194875,-0.057885361281728824,0.003603869710708305,-0.2312677654989427,0.0008539104552019774,0.010175083260600503,0.015657695631892895,0.0089048022359589,0.00030585528097938435,0.004924265211480154,0.008861875790567783,0.007400006702922359,0.00606372987295453,0.03641508255194203,0.061321857296787144,0.013062094727777576,0.013327873456788746,0.01087321509223253,0.0007249991275460764,0.011983134887628937,0.013266696450413536,0.013115027337199327,0.010699876326218652,0.0007026006176801828,0.006018559435031817,0.005081695779923471,0.005329646646991171,0.005766497023285758,0.0067118537413966015,0.006401778773057984,,,,1.0,0.0005070648506079908,0.05828727467020245,0.0026501237407659172,0.01564706105876522,0.010539603527240997,0.009216457689555587,0.0036691030870303746,0.001675126825268896,,0.0015196961656810343,0.006401778773057991,,0.02986060320443984,0.01364557751081435,0.009900649495172891,,0.015387965290885028,0.02089652359187102,0.0089048022359589,0.007400006702922355,1.0,,,,,,,-0.057885361281728824,-0.2312677654989427,0.003603869710708306,0.0008539104552019753,0.016850924002171624,0.005615513069114077,-0.23128969195504034,0.34504936276549947,0.0022814348259846172,0.001979540754072172,0.0025180679782007254,0.0018062219622640365,0.009835497911101818,0.009504171516496109,0.010728961288678377,0.008219479195668967,-0.017600775447534515
Bwd Header Length,0.00497760577519406,-0.02872316049464719,0.03363174171717119,-0.012416084474555208,0.004596873717585326,0.001726251543768857,-0.002204732915154138,0.007550601876989058,0.00022880638327209661,0.02220456445978146,0.02107132235522784,0.021754696063569532,0.0044257104934897,-0.002959660850730914,-0.0909784755302825,-0.02114081511716553,0.0021851249321380548,0.01676007419309728,0.02574434619511918,0.004576501417648211,0.00474922706602162,0.004588094857065107,0.00029717557915538934,0.004594931251361904,0.004797500321807652,0.004840872577859658,0.004629917636632823,0.00028884995701150274,0.0021664820140302123,0.0018284961972269064,0.001917877710428147,0.002075422613431918,-0.022286388473352084,0.002303309587361581,,,,0.0005070648506079908,1.0,0.024535726413764992,0.0008625420529582753,0.02106705453758968,0.01784009285738901,0.021114723323978027,-0.0038331954819208207,0.00048635035393004204,,0.0005467607640423156,0.002303309587361581,,0.010743708991005399,0.004909557831586751,0.0035621375325231015,,-0.046629046703131415,0.020379805175945395,0.02175469606356953,-0.021140815117165535,0.0005070648506079912,,,,,,,0.001726251543768857,0.007550601876989061,-0.002204732915154138,0.00022880638327209656,0.00606385405674257,0.0020205989635103064,0.006130382776220782,0.043972612514219474,0.0008897976166530067,0.0007268125958688866,0.0009489091442410703,0.0007145015351130168,0.004402811335064611,0.003422528237342771,0.004509619170977119,0.003980471900782645,0.07682606992420124
Fwd Packets/s,0.019762447658645498,-0.08390795157081539,0.11415168522156408,0.16279418763999706,-0.22705685072349732,-0.08254289080268234,-0.06380029394465153,-0.27845374707146486,-0.01507640885534882,0.25479562680702583,0.2968544762616534,0.2794332470705127,-0.20136640802103128,-0.08732680024093858,-0.16509950334527546,-0.13276534884220323,-0.10697599953366083,0.5959799717437506,0.982618477799476,-0.23184719642626225,-0.2416323588231227,-0.2300484084799265,-0.0145764532553292,-0.22536313610105865,-0.23531887862045636,-0.23743447668961096,-0.22706828100250398,-0.014180906338272188,-0.10621374542924686,-0.08968037242015894,-0.0940561259920968,-0.10176550324401913,-0.12012471392349267,-0.04816999601466972,,,,0.05828727467020245,0.024535726413764992,1.0,-0.03396651540091095,0.2970233854402395,0.18160437439188662,0.2748387896941142,-0.1672498986675289,-0.029921911739032844,,-0.0072864833362275404,-0.04816999601466972,,-0.07566029499181053,-0.17667885124012156,-0.16144678585379166,,-0.27390086527819746,0.31027194909247663,0.2794332470705126,-0.13276534884220328,0.05828727467020245,,,,,,,-0.08254289080268234,-0.2784537470714649,-0.06380029394465155,-0.01507640885534882,-0.13883603274102765,-0.09878620037459232,-0.2969186345624995,-0.04170977552794435,-0.04362912925623462,-0.03563555575583749,-0.046528362884769935,-0.035035550950219006,-0.21593128030084371,-0.16787280447700084,-0.2211767783405951,-0.19521112678115368,0.2696253245596391
Bwd Packets/s,4.600929200718364e-05,-0.0022603008683228475,0.00820891680551357,-0.075287111563614,-0.008822233415483218,-0.003441826347660392,0.004139123725613413,-0.014548085123687311,-0.0005091444809452936,-0.04477274516955124,-0.042639604009080415,-0.043957786158231295,-0.008202065751809904,-0.0022340658131871586,-0.005229427561873642,-0.0022618669311874288,-0.001100208460817858,-0.031687091021928376,-0.013437300060078912,-0.009007825791087826,-0.009387601835727614,-0.008936845055281912,-0.0005654697932711685,-0.008756852925164461,-0.009144255211947028,-0.0092259456033926,-0.008822119119722905,-0.0005509589713611487,-0.0041250350004182765,-0.0034842310630230355,-0.0036541394752940175,-0.003952853422065679,0.026334224976459993,0.016520179616427464,,,,0.0026501237407659172,0.0008625420529582753,-0.03396651540091095,1.0,-0.04282788752101545,-0.038649712178447766,-0.04413838780054638,-0.003776509248124849,-0.000789714902009149,,0.04579450389368881,0.016520179616427457,,0.01902396977247485,0.1197224974005288,0.13920316473880995,,0.14464227481977193,-0.042038749514385985,-0.043957786158231295,-0.002261866931187421,0.0026501237407659172,,,,,,,-0.0034418263476603925,-0.014548085123687306,0.004139123725613411,-0.0005091444809452944,0.008027848530902711,0.0258930842515447,-0.012679017672658067,0.007678629569752763,-0.0016943765272361027,-0.0013841600504106038,-0.0018071463964214577,-0.001360574820824018,-0.00839052867729594,-0.006523706480731886,-0.008594590028632738,-0.007585168279422765,-0.01519793325414297
Min Packet Length,-0.3565148296763493,-0.5200095896415268,0.10921304914961123,0.557539205156392,-0.20668303208362257,-0.031466567976813443,-0.0581956422339022,-0.033601148934782846,-0.013798038981649965,0.9741384110699214,0.9998639620403393,0.996390433600788,-0.15323499885565403,-0.07947126098226932,-0.14104034770728127,-0.1190396235316597,-0.09799481991995103,0.8209732650853121,0.28640040940949824,-0.20825311182659612,-0.21824485809053268,-0.2080878799536612,-0.006913846120604455,-0.20513428611129167,-0.21181512607181704,-0.2146027985213313,-0.20536223552463917,-0.006552667749647478,-0.0972410384570595,-0.08208475268172644,-0.08609100531546615,-0.09315369563532841,-0.10827676053047487,-0.10277157574234921,,,,0.01564706105876522,0.02106705453758968,0.2970233854402395,-0.04282788752101545,1.0,0.7936871557610515,0.9930419742883928,-0.13633522124671688,-0.02769391729185252,,-0.024546256153351875,-0.10277157574234924,,-0.4825820031965136,-0.22019154619779013,-0.1596351977020307,,-0.24802229044635163,0.9947857763966519,0.9963904336007882,-0.11903962353165974,0.01564706105876522,,,,,,,-0.031466567976813443,-0.033601148934782846,-0.0581956422339022,-0.013798038981649965,-0.27228460827521767,-0.09075316151636278,-0.09285801397041853,-0.14375122680601196,-0.037024197610548336,-0.031701416618967596,-0.040611857967334734,-0.029402193237111022,-0.1959941604848137,-0.1535188611239575,-0.2011674568132345,-0.1767674571048109,0.27629462486781536
Max Packet Length,-0.3351904301153635,-0.39031115727980176,0.02360194396222391,0.40468542222768444,-0.12167198882176535,-0.012341065491211866,0.4293829404220921,-0.017149352980314527,0.4284847586478027,0.8441172999884881,0.7939089995734734,0.8062163005916692,0.16665162887838605,0.5344493173984868,-0.10506215850431724,0.38141869202965495,0.46064473933593864,0.6511451386029259,0.1689810866791667,-0.1771102725503202,-0.15298890744523375,-0.08321604978927888,-0.006435183118271912,-0.12149454627919541,-0.1698810664155979,-0.13611837403525126,-0.08289309788256294,-0.006099042008033556,0.0657523777075356,-0.045054603975926366,-0.024845023131873343,0.02093262434869081,-0.08184676256234859,-0.07933648246002459,,,,0.010539603527240997,0.01784009285738901,0.18160437439188662,-0.038649712178447766,0.7936871557610515,1.0,0.8410924865627181,0.4423614670730633,0.4673248283005149,,-0.022446271354408038,-0.07933648246002459,,-0.33422414590457067,-0.18481055418042205,-0.13945051740893197,,-0.12789715983420974,0.8257838555523406,0.806216300591669,0.38141869202965506,0.010539603527241006,,,,,,,-0.012341065491211873,-0.017149352980314544,0.4293829404220921,0.4284847586478027,-0.0205149330663338,-0.04520565139925053,-0.06262106896814956,-0.11411402460186083,0.0016174820600160851,0.004531019625760247,-0.0009997598307037333,-0.0021390446656874,-0.07382192038245365,-0.12737014792813797,-0.10203413208742251,-0.04060935338177657,0.09862244676566699
Packet Length Mean,-0.3735213869103432,-0.5239412892829802,0.09858124042674674,0.5582360275847688,-0.20538584779150185,-0.025086707271649255,0.004512307084219963,-0.014025287828628651,0.04022010305923785,0.9839816776810569,0.9930667564384794,0.9966525471713226,-0.08614123061051425,-0.0008956853678939113,-0.13311334010584447,-0.031092337689634122,-0.01526897057956648,0.8131578533252083,0.2627853206705792,-0.2141050470463751,-0.21984327688604882,-0.20048949197616162,-0.007193636504111853,-0.20412003635251275,-0.21655018155742636,-0.21447558876797335,-0.19834595181694478,-0.0068182037417738465,-0.0808963507579472,-0.08134015827865056,-0.08232178851944581,-0.0819310177215636,-0.10799904744326543,-0.097811423369978,,,,0.009216457689555587,0.021114723323978027,0.2748387896941142,-0.04413838780054638,0.9930419742883928,0.8410924865627181,1.0,-0.03975312623409678,0.03645470393863809,,-0.025412912351578498,-0.09781142336997797,,-0.48259854386773104,-0.22063046380274673,-0.16202453906282635,,-0.23424582137269906,0.9967346801637756,0.9966525471713226,-0.031092337689634094,0.009216457689555587,,,,,,,-0.025086707271649255,-0.01402528782862865,0.004512307084219966,0.04022010305923786,-0.24154601000406697,-0.08710411715517623,-0.07291107612592722,-0.14472224163918807,-0.03253951572039931,-0.02775153551662249,-0.03634596266883907,-0.026227239538887625,-0.18859883619219972,-0.1574740691963405,-0.19729344433390064,-0.16644925797075133,0.25675382729439544
Packet Length Std,-0.061328581520216155,0.13313507450977347,-0.1504465104498146,-0.1404592060541078,0.08597780854600899,0.017116051339539657,0.6700427789930354,-0.004207073052807601,0.5706304811566474,0.014761403116748525,-0.13505449465807834,-0.10223858985309883,0.6664508247319307,0.8853223191462993,0.0769270105763769,0.9029995475249436,0.9488043556197707,-0.11667868334801323,-0.17546056263448415,-0.005046969972497078,0.05234768511305436,0.15284511607745047,-0.0004028442179663309,0.08247113847519341,0.012153515960591374,0.07348244641421182,0.14583754466417742,-0.00033358308402548306,0.25674578329799136,0.0416902793784221,0.0818799426589216,0.1739800761574275,0.029503297719126253,0.039223190888392566,,,,0.0036691030870303746,-0.0038331954819208207,-0.1672498986675289,-0.003776509248124849,-0.13633522124671688,0.4423614670730633,-0.03975312623409678,1.0,0.6936703977949653,,-0.0032088990123560566,0.03922319088839256,,0.14576048441730627,0.02079565817022552,-0.001118675503174551,,0.15880841013017402,-0.06944507961859507,-0.10223858985309883,0.9029995475249435,0.0036691030870303746,,,,,,,0.017116051339539657,-0.004207073052807601,0.6700427789930354,0.5706304811566473,0.4337155004734209,0.07076207452583937,0.005379684105107605,0.023327076577887015,0.06517216202329326,0.059851682385543434,0.0659348906788116,0.046273723752629586,0.15489814825525272,-0.0007449923929447715,0.11267973412731563,0.1852144642617478,-0.28715072674922215
Packet Length Variance,-0.01575543401942442,0.03016022130845832,-0.03892824289879669,-0.04696830794820456,0.02759570615879097,0.016756975493588223,0.8389090650362666,-0.0019739510408413753,0.9372603534491288,0.010011927137752586,-0.027282607797022636,-0.02138238108948239,0.15037872342011202,0.8086426346035629,0.002788328933973458,0.5965237534515284,0.6622340018349182,-0.020557399086495693,-0.03139571395532321,-0.0011057872206757702,0.01216028545852577,0.060759238163258164,-7.340796672362004e-05,0.026923882112959877,0.002455853456635508,0.01919543763269748,0.05957626158509303,-6.33188950673191e-05,0.05282239558679337,0.006877934575340595,0.015087003127552885,0.03678101961439678,0.005141812204145203,0.003389637020147653,,,,0.001675126825268896,0.00048635035393004204,-0.029921911739032844,-0.000789714902009149,-0.02769391729185252,0.4673248283005149,0.03645470393863809,0.6936703977949653,1.0,,-0.0006772262334975126,0.003389637020147651,,0.04958304887824767,0.004734411243293536,0.002373728394837763,,0.09607934975200896,0.015993204453980128,-0.021382381089482382,0.5965237534515285,0.0016751268252688956,,,,,,,0.01675697549358823,-0.0019739510408413753,0.8389090650362666,0.9372603534491286,0.15183666864346834,0.01744352512156091,-0.0009747576964431591,0.004960778959726441,0.014418163795182393,0.01343005414774965,0.014745849882699592,0.010168803592270974,0.03274066314372876,0.0004922218183174402,0.02401565000981057,0.03890688770069433,-0.08296472174537434
FIN Flag Count,,,,,,,,,,,,,,,,,,,,,,,,,,,,,,,,,,,,,,,,,,,,,,,,,,,,,,,,,,,,,,,,,,,,,,,,,,,,,,,,,,
SYN Flag Count,-0.009923365051099326,0.009096077315710145,-0.01312698615399154,-0.04328212130518167,-0.004737926870447486,-0.0017874033192207739,0.0008976089328362304,-0.00834800411342222,-0.0003315111224906105,-0.025802026294680376,-0.02455096391721743,-0.02531451058547143,-0.004835856621616982,-0.0016811466876549591,-0.002108261654872849,-0.0019386327251592035,-0.001912863325382729,-0.018038519643053787,-0.0059068938935907065,-0.004626444225416803,-0.004669679496652751,-0.004596733891994153,-0.00032472450716613085,-0.0047094736558704825,-0.004446108208607514,-0.004521886589433921,-0.004558636624408643,-0.00031593381560727796,-0.001952996507181284,-0.0011809366009829768,-0.001307708932621061,-0.0016287545919949906,0.004887443615844449,-0.002517324869423438,,,,0.0015196961656810343,0.0005467607640423156,-0.0072864833362275404,0.04579450389368881,-0.024546256153351875,-0.022446271354408038,-0.025412912351578498,-0.0032088990123560566,-0.0006772262334975126,,1.0,-0.0025173248694234404,,-0.011741867056354875,0.10051007649825798,-0.0038931608108085706,,0.005802706752546523,-0.02419401941585168,-0.025314510585471423,-0.0019386327251592035,0.0015196961656810343,,,,,,,-0.0017874033192207732,-0.008348004113422222,0.0008976089328362274,-0.0003315111224906105,-0.006613487523284215,0.009937613021249701,-0.007276062150865273,0.004409015467393036,-0.0009721434135510508,-0.0007940468496234948,-0.001036754988110039,-0.000780656747676054,-0.004811331477608257,-0.003740502897041912,-0.004928210252348486,-0.004349649964919622,-0.05854957077275488
RST Flag Count,-0.05479793296911463,0.1001906973852517,-0.11286103707291027,-0.18232759242407265,0.019426753344084488,-0.006161458925673799,0.017566622918202095,-0.033359559674299114,0.000464832726499231,-0.09138156984320916,-0.101676969742273,-0.09822397536448735,0.0878396624531568,0.001231998065123837,0.03735374408434116,0.014406359514847351,0.0019077628082112294,-0.07312840684565636,-0.04607665499144072,0.01889014426218862,0.04917583504595422,0.06717108477409975,0.03396779901038662,0.018898621854938073,0.02921411762364328,0.05928567427621241,0.06678460480986281,0.03394626842368053,0.05019870297782509,0.03520815798064988,0.04889740676762865,0.06533876693424702,0.021798698485609908,1.0,,,,0.006401778773057991,0.002303309587361581,-0.04816999601466972,0.016520179616427457,-0.10277157574234924,-0.07933648246002459,-0.09781142336997797,0.03922319088839256,0.003389637020147651,,-0.0025173248694234404,1.0,,-0.049463064341357776,0.4691467466292534,0.005100303931879864,,0.022333317917783365,-0.09393462366184988,-0.09822397536448738,0.014406359514847386,0.006401778773057984,,,,,,,-0.0061614589256738005,-0.03335955967429914,0.0175666229182021,0.00046483272649923234,0.06064384489620293,0.02540722395781349,-0.026391397988433606,0.0185731466248216,0.009477010534970614,0.007309967386594154,0.006888974592818623,0.00646515108519344,0.0882819935884576,0.010611323231546774,0.06591345969919596,0.10345142771865737,-0.2998866964691728
PSH Flag Count,,,,,,,,,,,,,,,,,,,,,,,,,,,,,,,,,,,,,,,,,,,,,,,,,,,,,,,,,,,,,,,,,,,,,,,,,,,,,,,,,,
ACK Flag Count,0.4378795245425862,0.291719872190317,-0.02728416546661744,-0.8504529458842615,0.39477854859119466,-0.025175542603231654,0.08577175044346916,-0.15735013274344511,0.027376848542844875,-0.4597709361821736,-0.4826745140803283,-0.4889238824293171,0.11443278489820077,0.13951986676346234,-0.07229168675704595,0.13914995655622525,0.1914195516459988,-0.34983275396236546,-0.043294924881036354,0.39675485373889846,0.4043506211651565,0.3825675297483652,-0.006376922202223186,0.3921780153698274,0.3964154377636709,0.3928538375605199,0.37799189308586834,-0.006203008901539849,0.16152192882521946,0.13863399685440012,0.1461960812663812,0.15803706306010765,0.07366482539638289,-0.049463064341357776,,,,0.02986060320443984,0.010743708991005399,-0.07566029499181053,0.01902396977247485,-0.4825820031965136,-0.33422414590457067,-0.48259854386773104,0.14576048441730627,0.04958304887824767,,-0.011741867056354875,-0.049463064341357776,,1.0,-0.09786975077007935,-0.07649694563276953,,0.039845011658107714,-0.46429415156242454,-0.48892388242931706,0.13914995655622525,0.029860603204439833,,,,,,,-0.025175542603231654,-0.15735013274344511,0.08577175044346914,0.027376848542844875,0.4875126624052426,0.10564533837821596,-0.1331718519581938,0.08663300558363055,0.05846526150488582,0.049937206630635396,0.06481560027265049,0.04760472971321787,0.35084894938819994,0.3035633489658837,0.37242133084972834,0.30510793728981456,0.01168002884300447
URG Flag Count,-0.10969584532798027,0.07802197767826473,-0.10690254906872854,-0.38863659128847844,-0.009709076230125983,-0.016106607734973837,0.02697857043079592,-0.07321556857474505,-0.001330541646168484,-0.21698702784098367,-0.21945129311666528,-0.22128402710566494,0.03974796048238049,-0.0031206216684114235,0.00028011801980393013,0.010343769850884426,0.00020858030061006092,-0.16226783447939586,-0.180413668224267,-0.005847709021171103,0.007510387842630049,0.01600296401631428,0.04283681028192072,-0.010322590556473882,0.0066632535271706345,0.015746501524969744,0.015153350873031142,0.041195195860057675,0.0449134653926206,0.031194078188099193,0.031835587943208,0.03641742745121447,0.10553137316655518,0.4691467466292534,,,,0.01364557751081435,0.004909557831586751,-0.17667885124012156,0.1197224974005288,-0.22019154619779013,-0.18481055418042205,-0.22063046380274673,0.02079565817022552,0.004734411243293536,,0.10051007649825798,0.4691467466292534,,-0.09786975077007935,1.0,0.7255574163989031,,0.5099204624259238,-0.2112697661520774,-0.221284027105665,0.010343769850884504,0.01364557751081435,,,,,,,-0.01610660773497384,-0.073215568574745,0.02697857043079592,-0.0013305416461684785,0.09999644804668771,0.13377009672781254,-0.061037485535088164,0.03958920782661686,0.0027567184595455167,0.0007303815642412642,0.0005659017568134758,0.0020755739538620885,0.029523481550473494,-0.018274329077996716,0.013287359848016912,0.04275217394212589,-0.4355437196632344
CWE Flag Count,-0.07781275717820585,-0.004472946218881761,-0.02329329120627576,-0.281978161093346,-0.031393570528753974,-0.013077545271201316,0.014974959239413122,-0.05433094050704034,-0.001202764224115806,-0.16679440982752122,-0.15902856231130139,-0.16381096597304673,-0.028250353804893828,-0.0012515202978035755,-0.014457338567035367,0.010878559166719256,0.00284021845459051,-0.11926419008967368,-0.1661723190773477,-0.018369729855509276,-0.032202794890993876,-0.028538424946122968,0.05944007416534279,-0.031547583175683486,-0.02168172050255015,-0.033100926488040215,-0.029290066641055552,0.05717725428523563,-0.014365952544343526,-0.011119028362966438,-0.011880120443533333,-0.01322649614481008,0.07322693178562628,0.005100303931879864,,,,0.009900649495172891,0.0035621375325231015,-0.16144678585379166,0.13920316473880995,-0.1596351977020307,-0.13945051740893197,-0.16202453906282635,-0.001118675503174551,0.002373728394837763,,-0.0038931608108085706,0.005100303931879864,,-0.07649694563276953,0.7255574163989031,1.0,,0.6141923589342434,-0.15504447450661737,-0.16381096597304673,0.010878559166719273,0.009900649495172891,,,,,,,-0.013077545271201323,-0.05433094050704033,0.014974959239413131,-0.001202764224115806,0.02687668366421304,0.14223426294811867,-0.04737440467342522,0.02872424512349829,-0.006333315671345036,-0.005173126079012145,-0.006754291121612,-0.005085791762870475,-0.030610041376885118,-0.02436895643435038,-0.03155501074962828,-0.027466011755466476,-0.2268514467659147
ECE Flag Count,,,,,,,,,,,,,,,,,,,,,,,,,,,,,,,,,,,,,,,,,,,,,,,,,,,,,,,,,,,,,,,,,,,,,,,,,,,,,,,,,,
Down/Up Ratio,-0.041443533840457035,0.17008585289051156,-0.19247018393596185,-0.28285060667433276,-0.020076665746166605,-0.01591265641874195,0.15349788125140326,-0.08153878673343125,0.08035927875245082,-0.23685442611459837,-0.24719578941765757,-0.25105994529481024,0.04293637827024983,0.14809234082771397,0.3413735425317953,0.2363317255035166,0.12929905037252423,-0.18855655026184348,-0.2839779300535018,-0.030205333709794745,-0.01670871168504744,0.0022246204524212954,-0.0021119230854200143,-0.02796269941494014,-0.035182934862730525,-0.023859510792801717,-0.011885197735643028,-0.0028589551674255806,0.053333551987930265,0.018135192286510605,0.020910790894725598,0.03980876912223564,0.19923506520183754,0.022333317917783365,,,,0.015387965290885028,-0.046629046703131415,-0.27390086527819746,0.14464227481977193,-0.24802229044635163,-0.12789715983420974,-0.23424582137269906,0.15880841013017402,0.09607934975200896,,0.005802706752546523,0.022333317917783365,,0.039845011658107714,0.5099204624259238,0.6141923589342434,,1.0,-0.22952971485174414,-0.2510599452948102,0.23633172550351655,0.015387965290885042,,,,,,,-0.01591265641874195,-0.08153878673343132,0.15349788125140326,0.08035927875245082,0.14945620439925897,0.34535643881550704,-0.06727114696408801,0.03888884993847677,0.0989713772895627,0.007041531574180874,0.058386243795791624,0.10605065201529404,-0.0017347305492961742,-0.02897072227961454,-0.012668840376456929,0.009114911640009922,-0.5270227876286887
Average Packet Size,-0.3525216487065912,-0.506895378985008,0.09803044737941409,0.5364463635359468,-0.19828850916848534,-0.0397259465145884,-0.014561321086953774,-0.07143318497632489,0.02232178671347471,0.9799245691289405,0.9947799605156282,0.995344059332265,-0.10831822069156692,-0.02402808639924024,-0.13041036887330287,-0.055407233667408184,-0.038658650137778916,0.8295408566250039,0.30033993146947036,-0.20474577525649107,-0.2115532723840157,-0.19559962869453643,-0.006810186089488323,-0.19699308458182357,-0.2073854678460688,-0.2068721558452378,-0.19338113034276877,-0.006453039674427323,-0.08267987028435894,-0.07848290525349126,-0.08031508264981557,-0.08214985556952499,-0.1040539136656955,-0.09393462366184988,,,,0.02089652359187102,0.020379805175945395,0.31027194909247663,-0.042038749514385985,0.9947857763966519,0.8257838555523406,0.9967346801637756,-0.06944507961859507,0.015993204453980128,,-0.02419401941585168,-0.09393462366184988,,-0.46429415156242454,-0.2112697661520774,-0.15504447450661737,,-0.22952971485174414,1.0,0.9953440593322648,-0.055407233667408184,0.02089652359187102,,,,,,,-0.0397259465145884,-0.07143318497632492,-0.014561321086953771,0.022321786713474706,-0.24077424683577267,-0.08472912826723823,-0.13030164613244027,-0.14263050280878423,-0.03327479843731157,-0.028132044732765014,-0.03669369615630043,-0.026727912748150406,-0.18401413159832536,-0.15044585075278646,-0.19128123538348837,-0.16359943280827297,0.2526644530660244
Avg Fwd Segment Size,-0.370293762112276,-0.5288508753539872,0.10655809785247206,0.5642153342658919,-0.2084643333698136,-0.026258910221258567,-0.05214602447186257,-0.012725288590778578,-0.013083495481843834,0.9844899960446251,0.9965989026024696,1.0,-0.09700630274918529,-0.06540938635649467,-0.14540879115128963,-0.10392164669015674,-0.07762229890454247,0.8152685100713143,0.2676474127989514,-0.21348514916477893,-0.22155208401269802,-0.20825391108339159,-0.007045160526245368,-0.20703342663676874,-0.21644226915019843,-0.21714413116060294,-0.20580362713906533,-0.006670938102355567,-0.08896107501758782,-0.08226489700182323,-0.08489596275366791,-0.08888455029445773,-0.11013737748726585,-0.09822397536448738,,,,0.0089048022359589,0.02175469606356953,0.2794332470705126,-0.043957786158231295,0.9963904336007882,0.806216300591669,0.9966525471713226,-0.10223858985309883,-0.021382381089482382,,-0.025314510585471423,-0.09822397536448738,,-0.48892388242931706,-0.221284027105665,-0.16381096597304673,,-0.2510599452948102,0.9953440593322648,1.0,-0.1039216466901568,0.0089048022359589,,,,,,,-0.026258910221258567,-0.01272528859077856,-0.05214602447186257,-0.013083495481843841,-0.26158940875530984,-0.08758354160270049,-0.0722392190806152,-0.14525429646788163,-0.034432859595347004,-0.028594963179758667,-0.03721528350330804,-0.027761247802966516,-0.19513850832978125,-0.15681956022490673,-0.20187382762669312,-0.17449059979519732,0.27282160561311963
Avg Bwd Segment Size,-0.048951045466319246,0.1463840192087345,-0.18041431235620312,-0.12984822219679804,0.066238126054272,0.011851780146213766,0.6095757325219271,-0.024886473144122484,0.49693759175825275,-0.018575699109788502,-0.1189069085942268,-0.1039216466901568,0.42650662564092257,0.8059511373823061,0.2488695633072765,1.0000000000000002,0.8970290664147513,-0.09068031272419755,-0.1392517505781845,-0.0043459163866154445,0.04402941723177318,0.1360926001702165,-0.0016082969702538071,0.06242993166136768,0.007585590509800751,0.06010756404417773,0.12809464917693678,-0.0015643961527025956,0.18913773927342495,0.029663960817714902,0.06341578013037553,0.14523491253333481,0.058637592017464914,0.014406359514847386,,,,0.007400006702922355,-0.021140815117165535,-0.13276534884220328,-0.002261866931187421,-0.11903962353165974,0.38141869202965506,-0.031092337689634094,0.9029995475249435,0.5965237534515285,,-0.0019386327251592035,0.014406359514847386,,0.13914995655622525,0.010343769850884504,0.010878559166719273,,0.23633172550351655,-0.055407233667408184,-0.1039216466901568,1.0,0.007400006702922351,,,,,,,0.011851780146213759,-0.024886473144122484,0.6095757325219271,0.49693759175825275,0.39907680856128364,0.04445274290465461,-0.014884084624284666,0.01866898637813154,0.050247731106324446,0.039209991245875014,0.042946342668420755,0.037211479941857195,0.13257058949539988,-0.00310342926361988,0.09583097518951307,0.1594646380589751,-0.3526331439813016
Fwd Header Length.1,0.039977263693702976,0.05392109343743375,-0.003965573030901135,-0.03450886079552116,0.012079385883194875,-0.057885361281728824,0.003603869710708305,-0.2312677654989427,0.0008539104552019774,0.010175083260600503,0.015657695631892895,0.0089048022359589,0.00030585528097938435,0.004924265211480154,0.008861875790567783,0.007400006702922359,0.00606372987295453,0.03641508255194203,0.061321857296787144,0.013062094727777576,0.013327873456788746,0.01087321509223253,0.0007249991275460764,0.011983134887628937,0.013266696450413536,0.013115027337199327,0.010699876326218652,0.0007026006176801828,0.006018559435031817,0.005081695779923471,0.005329646646991171,0.005766497023285758,0.0067118537413966015,0.006401778773057984,,,,1.0,0.0005070648506079912,0.05828727467020245,0.0026501237407659172,0.01564706105876522,0.010539603527241006,0.009216457689555587,0.0036691030870303746,0.0016751268252688956,,0.0015196961656810343,0.006401778773057984,,0.029860603204439833,0.01364557751081435,0.009900649495172891,,0.015387965290885042,0.02089652359187102,0.0089048022359589,0.007400006702922351,1.0,,,,,,,-0.057885361281728824,-0.2312677654989427,0.003603869710708306,0.0008539104552019753,0.016850924002171624,0.005615513069114077,-0.23128969195504034,0.34504936276549947,0.0022814348259846172,0.001979540754072172,0.0025180679782007254,0.0018062219622640365,0.009835497911101818,0.009504171516496109,0.010728961288678377,0.008219479195668967,-0.017600775447534515
Fwd Avg Bytes/Bulk,,,,,,,,,,,,,,,,,,,,,,,,,,,,,,,,,,,,,,,,,,,,,,,,,,,,,,,,,,,,,,,,,,,,,,,,,,,,,,,,,,
Fwd Avg Packets/Bulk,,,,,,,,,,,,,,,,,,,,,,,,,,,,,,,,,,,,,,,,,,,,,,,,,,,,,,,,,,,,,,,,,,,,,,,,,,,,,,,,,,
Fwd Avg Bulk Rate,,,,,,,,,,,,,,,,,,,,,,,,,,,,,,,,,,,,,,,,,,,,,,,,,,,,,,,,,,,,,,,,,,,,,,,,,,,,,,,,,,
Bwd Avg Bytes/Bulk,,,,,,,,,,,,,,,,,,,,,,,,,,,,,,,,,,,,,,,,,,,,,,,,,,,,,,,,,,,,,,,,,,,,,,,,,,,,,,,,,,
Bwd Avg Packets/Bulk,,,,,,,,,,,,,,,,,,,,,,,,,,,,,,,,,,,,,,,,,,,,,,,,,,,,,,,,,,,,,,,,,,,,,,,,,,,,,,,,,,
Bwd Avg Bulk Rate,,,,,,,,,,,,,,,,,,,,,,,,,,,,,,,,,,,,,,,,,,,,,,,,,,,,,,,,,,,,,,,,,,,,,,,,,,,,,,,,,,
Subflow Fwd Packets,-0.04413245250827366,-0.06042461874060892,-6.749377256191297e-05,0.021006801181006274,0.019546571647044025,1.0,0.12017742221320651,0.24952350760825917,0.020134652585967753,-0.02458204085701335,-0.03147956086596079,-0.026258910221258567,0.010510154380775768,0.016540489258257192,-0.011497100930174683,0.011851780146213756,0.014379143008738245,-0.056989047489323215,-0.08668364732615676,-0.0027868384026036117,-0.001927402606550489,0.005741007949346638,-0.0009689419027248518,0.01963823958002354,-0.002408104368933237,-0.0012519545649197228,0.005940267866154271,-0.0009379532214762281,0.04846172861494648,0.0012115346955577102,0.0025850842955301434,0.008446839110337463,-0.006324689198107334,-0.0061614589256738005,,,,-0.057885361281728824,0.001726251543768857,-0.08254289080268234,-0.0034418263476603925,-0.031466567976813443,-0.012341065491211873,-0.025086707271649255,0.017116051339539657,0.01675697549358823,,-0.0017874033192207732,-0.0061614589256738005,,-0.025175542603231654,-0.01610660773497384,-0.013077545271201323,,-0.01591265641874195,-0.0397259465145884,-0.026258910221258567,0.011851780146213759,-0.057885361281728824,,,,,,,1.0,0.24952350760825917,0.12017742221320651,0.020134652585967753,-0.008066232116266168,-0.005498498240180733,0.25064244723337376,-0.011608243559426072,0.26117316356232495,0.6898278723958583,0.6013419310804247,0.06942397478925005,0.007137407188181104,4.070863568574518e-06,0.00533682687696528,0.008414449059938395,0.014428050424971627
Subflow Fwd Bytes,-0.2076912664982866,-0.27565538965203673,0.03309524212367645,0.1826532964535432,-0.06247448425384645,0.24952350760825917,-0.005667205487006796,1.0,-0.0005156113052812704,-0.012983054449172627,-0.03362228556992329,-0.01272528859077856,0.017905356264528098,-0.011247907675002803,-0.05072097113473864,-0.024886473144122487,-0.013805015446865347,-0.15374807086148834,-0.29403333777786744,-0.07044676579834049,-0.07053840803950337,-0.05881833123790669,-0.003958742935762524,-0.06202216208266888,-0.07082461777449447,-0.06839990619460208,-0.05802189942866302,-0.0038355688502892,-0.017770991713582148,-0.02575513997114018,-0.02528205370414654,-0.022582245642393334,-0.03667637889918406,-0.03335955967429914,,,,-0.2312677654989427,0.007550601876989061,-0.2784537470714649,-0.014548085123687306,-0.033601148934782846,-0.017149352980314544,-0.01402528782862865,-0.004207073052807601,-0.0019739510408413753,,-0.008348004113422222,-0.03335955967429914,,-0.15735013274344511,-0.073215568574745,-0.05433094050704033,,-0.08153878673343132,-0.07143318497632492,-0.01272528859077856,-0.024886473144122484,-0.2312677654989427,,,,,,,0.24952350760825917,1.0,-0.005667205487006796,-0.0005156113052812684,-0.08030681571652107,-0.027824990108915787,0.9975860833593952,-0.060373658135635506,-0.006967040097040859,-0.0034391272654636855,-0.0060600241946849025,-0.006667583978780332,-0.05288708761648695,-0.049989216266946024,-0.05755427485190977,-0.04452304896130672,0.08881394893684778
Subflow Bwd Packets,-0.014205809218860162,0.05849779038727192,-0.07190248773779624,-0.0930501760585122,0.09617598907819963,0.12017742221320651,1.0,-0.005667205487006796,0.9168812584293372,-0.0016142634007529218,-0.05815535058841782,-0.05214602447186258,0.19143007980959803,0.7907987202096962,0.019308883739661196,0.6095757325219273,0.6340433344146186,-0.04364357974480283,-0.06680206365663521,0.019229124177869893,0.051262993548322644,0.13846389274171694,-0.0007326263439007681,0.09504562541338216,0.03148388883935633,0.06603799127371052,0.13723559673733962,-0.0007265044303363056,0.20221084167418324,0.04616960247626276,0.06705441899694094,0.13833734549497695,0.021684637191533077,0.0175666229182021,,,,0.003603869710708306,-0.002204732915154138,-0.06380029394465155,0.004139123725613411,-0.0581956422339022,0.4293829404220921,0.004512307084219966,0.6700427789930354,0.8389090650362666,,0.0008976089328362274,0.0175666229182021,,0.08577175044346914,0.02697857043079592,0.014974959239413131,,0.15349788125140326,-0.014561321086953771,-0.05214602447186257,0.6095757325219271,0.003603869710708306,,,,,,,0.12017742221320651,-0.005667205487006796,1.0,0.9168812584293372,0.2042837530243741,0.03647809330060896,0.0012857201158659915,0.010068801764546378,0.0894912722901731,0.1289707614530506,0.1251301231537883,0.04889571600998648,0.12563649754573353,0.03222285112881837,0.10299672876634852,0.1383413727229104,-0.14490115859063465
Subflow Bwd Bytes,-0.00833969252282165,0.015369433591022897,-0.020576582172807646,-0.024033008954252682,0.02018034949016845,0.020134652585967753,0.9168812584293372,-0.0005156113052812684,1.0,0.000738642322826395,-0.013799187167960556,-0.013083495481843841,0.038184558122306984,0.7316443336175003,0.001057904813649297,0.49693759175825275,0.5384646590456482,-0.010294061569612411,-0.015818582121070884,-0.0017193285205937925,0.0049689778505976265,0.0490213146926501,-0.00018263917970724072,0.02008855712761864,-0.00040997683982473096,0.009876078329058995,0.049003971963431085,-0.00017767967154215723,0.029858920845712993,0.0010040169848400213,0.00491248474640002,0.022679075186861294,0.001884249302558433,0.00046483272649923234,,,,0.0008539104552019753,0.00022880638327209656,-0.01507640885534882,-0.0005091444809452944,-0.013798038981649965,0.4284847586478027,0.04022010305923786,0.5706304811566473,0.9372603534491286,,-0.0003315111224906105,0.00046483272649923234,,0.027376848542844875,-0.0013305416461684785,-0.001202764224115806,,0.08035927875245082,0.022321786713474706,-0.013083495481843841,0.49693759175825275,0.0008539104552019753,,,,,,,0.020134652585967753,-0.0005156113052812684,0.9168812584293372,1.0,0.09789107431524849,0.002815312471791763,0.0010093393294696082,0.002467581594243345,0.007296780881978116,0.008484428094702024,0.006838374455407423,0.003935774438868958,0.020458170202308515,0.0007844486831291173,0.015137802731791635,0.024236266599588288,-0.045967826383418675
Init_Win_bytes_forward,0.07952457473241634,0.20486676800291245,-0.16247253356644717,-0.47992719524875527,0.1930841607144914,-0.008066232116266168,0.2042837530243741,-0.08030681571652107,0.09789107431524849,-0.1913606275698387,-0.2721151308478036,-0.26158940875530984,0.3899191300714776,0.3496497264815186,-0.037933537067118404,0.39907680856128364,0.481168585467207,-0.19890913068555402,-0.1333440326811985,0.1519589162806938,0.20861957215471952,0.24559806817974855,-0.0012924635951749265,0.18558439682013161,0.16767071831265057,0.21356058492667646,0.22897706940597834,-0.001747157066983968,0.2344527996050118,0.10057168301962063,0.12576894874846248,0.17705432302714808,0.07143823936020026,0.06064384489620293,,,,0.016850924002171624,0.00606385405674257,-0.13883603274102765,0.008027848530902711,-0.27228460827521767,-0.0205149330663338,-0.24154601000406697,0.4337155004734209,0.15183666864346834,,-0.006613487523284215,0.06064384489620293,,0.4875126624052426,0.09999644804668771,0.02687668366421304,,0.14945620439925897,-0.24077424683577267,-0.26158940875530984,0.39907680856128364,0.016850924002171624,,,,,,,-0.008066232116266168,-0.08030681571652107,0.2042837530243741,0.09789107431524849,1.0,0.3790606138070974,-0.06286719050330417,0.048888698510934414,0.09298819674903173,0.04304162068829538,0.07724947661497991,0.08625111789232831,0.21149042378504043,0.09176133818055457,0.19003796846071325,0.21785975483389983,-0.22746689589075972
Init_Win_bytes_backward,-0.03432619179930083,0.0695917483957754,-0.08285776591529453,-0.159934135102099,0.014523426792917363,-0.005498498240180733,0.03647809330060896,-0.027824990108915787,0.002815312471791763,-0.06940439790569258,-0.08996917188082075,-0.08758354160270049,0.10420899954615977,0.04720669906415004,-0.007982490258704277,0.0444527429046546,0.060251201056727655,-0.06765328667133284,-0.10299911906274078,0.019494301948905297,0.039864850286510135,0.037000222693541904,-0.0002457627475339888,0.0052796711091436365,0.017325248940919923,0.030526972358805506,0.020838387682682338,-0.0006805730457046989,0.05610686304620508,0.03084396863948579,0.02850932850767051,0.032791892829674804,0.046097134993057155,0.02540722395781349,,,,0.005615513069114077,0.0020205989635103064,-0.09878620037459232,0.0258930842515447,-0.09075316151636278,-0.04520565139925053,-0.08710411715517623,0.07076207452583937,0.01744352512156091,,0.009937613021249701,0.02540722395781349,,0.10564533837821596,0.13377009672781254,0.14223426294811867,,0.34535643881550704,-0.08472912826723823,-0.08758354160270049,0.04445274290465461,0.005615513069114077,,,,,,,-0.005498498240180733,-0.027824990108915787,0.03647809330060896,0.002815312471791763,0.3790606138070974,1.0,-0.02381473670750384,0.016291996633577256,0.15046935228995606,0.0021055163620838663,0.08780443867378727,0.16624564098044414,0.009577982953710915,-0.012185063039332566,0.0025924625591024417,0.015607657015304168,-0.20821066345723965
act_data_pkt_fwd,-0.18862998342276383,-0.24165584846535723,0.024439609131533216,0.15424367609331563,-0.04880370478814693,0.25064244723337376,0.0012857201158659915,0.9975860833593952,0.0010093393294696082,-0.07160438863348335,-0.0929033913406072,-0.0722392190806152,0.021700118340669237,-0.0027746518155959683,-0.041169987530572744,-0.014884084624284663,-0.004056040684436707,-0.2021544256498492,-0.3121810301740562,-0.059777815490032526,-0.05762604863059223,-0.044475117642236356,-0.0035411407672736772,-0.048424028095763835,-0.05891715255420511,-0.054821259609723824,-0.043704802183622916,-0.0034320415486569812,-0.0023516400798379113,-0.018918823609551515,-0.01759500804388491,-0.012219628994163663,-0.030370588004856782,-0.026391397988433606,,,,-0.23128969195504034,0.006130382776220782,-0.2969186345624995,-0.012679017672658067,-0.09285801397041853,-0.06262106896814956,-0.07291107612592722,0.005379684105107605,-0.0009747576964431591,,-0.007276062150865273,-0.026391397988433606,,-0.1331718519581938,-0.061037485535088164,-0.04737440467342522,,-0.06727114696408801,-0.13030164613244027,-0.0722392190806152,-0.014884084624284666,-0.23128969195504034,,,,,,,0.25064244723337376,0.9975860833593952,0.0012857201158659915,0.0010093393294696082,-0.06286719050330417,-0.02381473670750384,1.0,-0.051655250450933665,-0.004460054621037739,-0.002440394183480642,-0.004648442924679862,-0.004472056695846972,-0.03774661784636883,-0.04254078489503854,-0.043651617600231986,-0.02920671109006363,0.06900434740136374
min_seg_size_forward,0.055796921673261377,0.06910564338072704,-0.013294680299259494,-0.10011875485889282,0.03648246371414155,-0.011608243559426072,0.010068801764546378,-0.060373658135635506,0.002467581594243345,-0.1411425806368452,-0.14372578241079695,-0.14525429646788163,0.02713551444735087,0.013729461739692231,0.014634110496688944,0.01866898637813153,0.017592361314242463,-0.11800226283038356,-0.0401423127873157,0.03641487300205252,0.03907399343293717,0.036572685718595344,-0.0023535027431088908,0.03620752895519052,0.037165108776174204,0.0384472676883984,0.036092428704287964,-0.002417762371343534,0.017461316443679358,0.014743245651047069,0.015462618387637312,0.01673002351819189,0.0166377956325442,0.0185731466248216,,,,0.34504936276549947,0.043972612514219474,-0.04170977552794435,0.007678629569752763,-0.14375122680601196,-0.11411402460186083,-0.14472224163918807,0.023327076577887015,0.004960778959726441,,0.004409015467393036,0.0185731466248216,,0.08663300558363055,0.03958920782661686,0.02872424512349829,,0.03888884993847677,-0.14263050280878423,-0.14525429646788163,0.01866898637813154,0.34504936276549947,,,,,,,-0.011608243559426072,-0.060373658135635506,0.010068801764546378,0.002467581594243345,0.048888698510934414,0.016291996633577256,-0.051655250450933665,1.0,0.0012620775931104346,0.004851838224791742,0.0040317268525574355,2.8392572311943827e-05,0.03435139974379222,0.027283806933526694,0.03539918474501773,0.030842893703122046,-0.0396228254759298
Active Mean,0.003539833499678873,0.028484372092782918,-0.049600557171573155,-0.05928736031232001,0.09374521759386144,0.26117316356232495,0.0894912722901731,-0.006967040097040859,0.007296780881978116,-0.01653359213366567,-0.03702959073074164,-0.034432859595347004,0.07779297746017569,0.05040688250327615,-0.005102434651325503,0.05024773110632444,0.062308658834960784,-0.02980080391118312,-0.04578181126985383,0.06708299739748969,0.07525774698339842,0.10834677128932503,0.041200234655800555,0.08722813252546202,0.06375904962832712,0.07371630226992086,0.10013069757887429,0.041207629363734594,0.13349674590969995,0.03626341408087839,0.052056472315032,0.095877265343494,0.006199182150887777,0.009477010534970614,,,,0.0022814348259846172,0.0008897976166530067,-0.04362912925623462,-0.0016943765272361027,-0.037024197610548336,0.0016174820600160851,-0.03253951572039931,0.06517216202329326,0.014418163795182393,,-0.0009721434135510508,0.009477010534970614,,0.05846526150488582,0.0027567184595455167,-0.006333315671345036,,0.0989713772895627,-0.03327479843731157,-0.034432859595347004,0.050247731106324446,0.0022814348259846172,,,,,,,0.26117316356232495,-0.006967040097040859,0.0894912722901731,0.007296780881978116,0.09298819674903173,0.15046935228995606,-0.004460054621037739,0.0012620775931104346,1.0,0.41632752081349056,0.8096288580912375,0.9421769664321804,0.12917911304469457,0.04379744434832206,0.11010588012199701,0.13865295272824796,-0.08183954309037547
Active Std,0.027231563783107714,0.016585721435743123,-0.020035786293584275,-0.05773272098320307,0.16294898591880047,0.6898278723958583,0.1289707614530506,-0.0034391272654636855,0.008484428094702024,-0.00918865804789678,-0.031707345516866894,-0.028594963179758667,0.08603718525933046,0.04448678711777808,-0.0048870797840966495,0.03920999124587501,0.05082250632187542,-0.024341303446427282,-0.03739385735507073,0.08883557191363631,0.10109690940316736,0.1334065214020505,0.010697663474663456,0.16154784233857802,0.09367480892369286,0.10512356348301222,0.13164372727240423,0.010707527111712248,0.180885342683201,0.05049401125179287,0.06583451036205336,0.10596740009404407,0.008113784614856286,0.007309967386594154,,,,0.001979540754072172,0.0007268125958688866,-0.03563555575583749,-0.0013841600504106038,-0.031701416618967596,0.004531019625760247,-0.02775153551662249,0.059851682385543434,0.01343005414774965,,-0.0007940468496234948,0.007309967386594154,,0.049937206630635396,0.0007303815642412642,-0.005173126079012145,,0.007041531574180874,-0.028132044732765014,-0.028594963179758667,0.039209991245875014,0.001979540754072172,,,,,,,0.6898278723958583,-0.0034391272654636855,0.1289707614530506,0.008484428094702024,0.04304162068829538,0.0021055163620838663,-0.002440394183480642,0.004851838224791742,0.41632752081349056,1.0,0.8481961676266796,0.10124507307234268,0.1388737356792949,0.09712799103787984,0.1360870780935022,0.12965301767057333,-0.036668724833003874
Active Max,0.0217247984127417,0.025747893356428526,-0.0383253374049939,-0.07036120746562126,0.15475942855618435,0.6013419310804247,0.1251301231537883,-0.0060600241946849025,0.006838374455407423,-0.016522246134470987,-0.040618642342884814,-0.03721528350330804,0.0949240228737144,0.048008726719905456,-0.005877426274887228,0.04294634266842078,0.056842369453270813,-0.03178145827942746,-0.04882411288125291,0.09369085687761493,0.10178780541951621,0.13024154803568105,0.027230762398485403,0.15046877157448396,0.09426595362753615,0.10131146535442721,0.12484274454261236,0.027241432714683586,0.180081170385951,0.054359530338894436,0.06710286343976542,0.10365790398018117,0.00942986064058992,0.006888974592818623,,,,0.0025180679782007254,0.0009489091442410703,-0.046528362884769935,-0.0018071463964214577,-0.040611857967334734,-0.0009997598307037333,-0.03634596266883907,0.0659348906788116,0.014745849882699592,,-0.001036754988110039,0.006888974592818623,,0.06481560027265049,0.0005659017568134758,-0.006754291121612,,0.058386243795791624,-0.03669369615630043,-0.03721528350330804,0.042946342668420755,0.0025180679782007254,,,,,,,0.6013419310804247,-0.0060600241946849025,0.1251301231537883,0.006838374455407423,0.07724947661497991,0.08780443867378727,-0.004648442924679862,0.0040317268525574355,0.8096288580912375,0.8481961676266796,1.0,0.595774280977954,0.14106486149950495,0.0812007238851728,0.13265491872688595,0.13747310001662094,-0.06405306036876912
Active Min,-0.0037013784741872246,0.025647803478964542,-0.04587330956830841,-0.04508600484594146,0.04367848049052224,0.06942397478925005,0.04889571600998648,-0.006667583978780332,0.003935774438868958,-0.01598866297097443,-0.029405997464782722,-0.027761247802966516,0.05178297305958627,0.03589549181544439,-0.0038279162444847027,0.037211479941857174,0.04609740033451931,-0.023930829136649793,-0.03676421405511355,0.04246305843821875,0.04590851824938929,0.06632891686935477,0.03882238791319606,0.03703360169248187,0.03678750553141601,0.04178690995918649,0.05794279438387206,0.03882737116583167,0.07574032360826007,0.02312690056745696,0.03279797296290348,0.06121598420429095,0.004419510643422583,0.00646515108519344,,,,0.0018062219622640365,0.0007145015351130168,-0.035035550950219006,-0.001360574820824018,-0.029402193237111022,-0.0021390446656874,-0.026227239538887625,0.046273723752629586,0.010168803592270974,,-0.000780656747676054,0.00646515108519344,,0.04760472971321787,0.0020755739538620885,-0.005085791762870475,,0.10605065201529404,-0.026727912748150406,-0.027761247802966516,0.037211479941857195,0.0018062219622640365,,,,,,,0.06942397478925005,-0.006667583978780332,0.04889571600998648,0.003935774438868958,0.08625111789232831,0.16624564098044414,-0.004472056695846972,2.8392572311943827e-05,0.9421769664321804,0.10124507307234268,0.595774280977954,1.0,0.08563418658427072,0.011995735021058253,0.06720905552036377,0.09814292423326416,-0.07362820820604841
Idle Mean,0.23659863161585123,0.11912436446804797,-0.06188038096345173,-0.3503602715592868,0.8199874594756141,0.007137407188181104,0.12563649754573353,-0.05288708761648695,0.020458170202308515,-0.1572136214292657,-0.1960145326030811,-0.19513850832978125,0.13710820799035675,0.15349546876503914,-0.01656261593336295,0.13257058949539988,0.17126825441096385,-0.14749015420474465,-0.22658547739558116,0.7808930489648898,0.895068153779601,0.9437935601803624,0.003519634858206056,0.818695602466099,0.8211927391971742,0.9193095337933987,0.9443557424718388,0.003589625484412691,0.5420200552080546,0.34509626466076415,0.4177271677957403,0.5388461386299628,0.0690222708655523,0.0882819935884576,,,,0.009835497911101818,0.004402811335064611,-0.21593128030084371,-0.00839052867729594,-0.1959941604848137,-0.07382192038245365,-0.18859883619219972,0.15489814825525272,0.03274066314372876,,-0.004811331477608257,0.0882819935884576,,0.35084894938819994,0.029523481550473494,-0.030610041376885118,,-0.0017347305492961742,-0.18401413159832536,-0.19513850832978125,0.13257058949539988,0.009835497911101818,,,,,,,0.007137407188181104,-0.05288708761648695,0.12563649754573353,0.020458170202308515,0.21149042378504043,0.009577982953710915,-0.03774661784636883,0.03435139974379222,0.12917911304469457,0.1388737356792949,0.14106486149950495,0.08563418658427072,1.0,0.628822627900488,0.9616643557804311,0.9660984381051774,-0.12093888771042137
Idle Std,0.31580737447806645,0.0760985298077,-0.0018763470927697326,-0.2728076072235331,0.779963979740848,4.070863568574518e-06,0.03222285112881837,-0.049989216266946024,0.0007844486831291173,-0.15227482007220214,-0.15354599217521078,-0.15681956022490673,0.0038473447118108424,0.006179783198782139,-0.022767441493360636,-0.0031034292636198794,0.0028045666876035094,-0.11466418638572391,-0.1761557763580234,0.793572057793109,0.7861842189276491,0.7902514276790806,0.0012985738707916026,0.7803343390267039,0.7903369725885484,0.7610000989345712,0.792382353215241,0.0013532071573319176,0.19756936392003538,0.2576692175225931,0.2607706545885792,0.26094131940651233,0.06824990765316474,0.010611323231546774,,,,0.009504171516496109,0.003422528237342771,-0.16787280447700084,-0.006523706480731886,-0.1535188611239575,-0.12737014792813797,-0.1574740691963405,-0.0007449923929447715,0.0004922218183174402,,-0.003740502897041912,0.010611323231546774,,0.3035633489658837,-0.018274329077996716,-0.02436895643435038,,-0.02897072227961454,-0.15044585075278646,-0.15681956022490673,-0.00310342926361988,0.009504171516496109,,,,,,,4.070863568574518e-06,-0.049989216266946024,0.03222285112881837,0.0007844486831291173,0.09176133818055457,-0.012185063039332566,-0.04254078489503854,0.027283806933526694,0.04379744434832206,0.09712799103787984,0.0812007238851728,0.011995735021058253,0.628822627900488,1.0,0.8056689760544765,0.42037035958178526,0.013861340910653294
Idle Max,0.2917250345603946,0.11623056370130687,-0.04520006154730791,-0.3586360576021122,0.8929142988184845,0.00533682687696528,0.10299672876634852,-0.05755427485190977,0.015137802731791635,-0.17270056638208078,-0.2011927296448122,-0.20187382762669312,0.10014452833885062,0.11493966920477292,-0.02049921742278135,0.09583097518951308,0.1268504059717992,-0.15107304834966442,-0.232089796910986,0.8610619768770045,0.9402989538225709,0.9812508742853678,0.0029464585435357007,0.8921214458420332,0.8896322642950166,0.9488032375864202,0.982427357997106,0.0030182515531025824,0.47173612497321715,0.35214726313982003,0.40587766281463494,0.492368281254786,0.07673235734293664,0.06591345969919596,,,,0.010728961288678377,0.004509619170977119,-0.2211767783405951,-0.008594590028632738,-0.2011674568132345,-0.10203413208742251,-0.19729344433390064,0.11267973412731563,0.02401565000981057,,-0.004928210252348486,0.06591345969919596,,0.37242133084972834,0.013287359848016912,-0.03155501074962828,,-0.012668840376456929,-0.19128123538348837,-0.20187382762669312,0.09583097518951307,0.010728961288678377,,,,,,,0.00533682687696528,-0.05755427485190977,0.10299672876634852,0.015137802731791635,0.19003796846071325,0.0025924625591024417,-0.043651617600231986,0.03539918474501773,0.11010588012199701,0.1360870780935022,0.13265491872688595,0.06720905552036377,0.9616643557804311,0.8056689760544765,1.0,0.8675733409492759,-0.08163374592304726
Idle Min,0.16580257609665347,0.11370013486581675,-0.07360579369028314,-0.31670828766797493,0.6881347628266491,0.008414449059938395,0.1383413727229104,-0.04452304896130672,0.024236266599588288,-0.1308769388546521,-0.17678153853506606,-0.17449059979519732,0.16251050036473574,0.18073748851461596,-0.011367864458402047,0.15946463805897515,0.20301271272332613,-0.13333741904176227,-0.20484297244680927,0.6452884397234652,0.7887324541633131,0.8516435713110388,0.0037988226637110456,0.686445231025047,0.6929848562718159,0.8266752612503007,0.8515766092533678,0.003862001457245422,0.5659184101126247,0.3033325064910731,0.3901581892970377,0.5384747637716957,0.055096852261602165,0.10345142771865737,,,,0.008219479195668967,0.003980471900782645,-0.19521112678115368,-0.007585168279422765,-0.1767674571048109,-0.04060935338177657,-0.16644925797075133,0.1852144642617478,0.03890688770069433,,-0.004349649964919622,0.10345142771865737,,0.30510793728981456,0.04275217394212589,-0.027466011755466476,,0.009114911640009922,-0.16359943280827297,-0.17449059979519732,0.1594646380589751,0.008219479195668967,,,,,,,0.008414449059938395,-0.04452304896130672,0.1383413727229104,0.024236266599588288,0.21785975483389983,0.015607657015304168,-0.02920671109006363,0.030842893703122046,0.13865295272824796,0.12965301767057333,0.13747310001662094,0.09814292423326416,0.9660984381051774,0.42037035958178526,0.8675733409492759,1.0,-0.15009419118828987
Inbound,0.10039040240637663,-0.281560770599053,0.37630170174297195,0.24520264644512738,-0.052205421475657765,0.014428050424971627,-0.14490115859063465,0.08881394893684778,-0.045967826383418675,0.2279155704186301,0.27617376132412735,0.27282160561311963,-0.21959042408265744,-0.232018157789445,-0.5151419074866993,-0.3526331439813016,-0.255176382135866,0.21231738323765495,0.280855897732866,-0.0086556511514522,-0.05069841861598868,-0.09558816924219289,-0.0445323374516498,-0.04875950872066849,-0.0237478367745197,-0.06398886902002072,-0.08958964481912517,-0.043042711175534015,-0.18455535264134723,-0.05147115819391768,-0.07126872972624275,-0.12032307353608093,-0.17114107425638972,-0.2998866964691728,,,,-0.017600775447534515,0.07682606992420124,0.2696253245596391,-0.01519793325414297,0.27629462486781536,0.09862244676566699,0.25675382729439544,-0.28715072674922215,-0.08296472174537434,,-0.05854957077275488,-0.2998866964691728,,0.01168002884300447,-0.4355437196632344,-0.2268514467659147,,-0.5270227876286887,0.2526644530660244,0.27282160561311963,-0.3526331439813016,-0.017600775447534515,,,,,,,0.014428050424971627,0.08881394893684778,-0.14490115859063465,-0.045967826383418675,-0.22746689589075972,-0.20821066345723965,0.06900434740136374,-0.0396228254759298,-0.08183954309037547,-0.036668724833003874,-0.06405306036876912,-0.07362820820604841,-0.12093888771042137,0.013861340910653294,-0.08163374592304726,-0.15009419118828987,1.0
